frame,timestamp,landmark_name,x,y,z,visibility
0,0.0,left_shoulder,0.4456476655296663,0.259301698347849,0.0,0.99
0,0.0,right_shoulder,0.6263018689460798,0.25914487257333507,0.0,0.99
0,0.0,left_hip,0.4500717640086134,0.47973137783382513,0.0,0.99
0,0.0,right_hip,0.5891159978495494,0.48001487146637883,0.0,0.99
0,0.0,left_knee,0.389074991316884,0.6798672913673248,0.0,0.99
0,0.0,right_knee,0.6091397108471492,0.6791814260266877,0.0,0.99
0,0.0,left_ankle,0.36984903837828503,0.9006537042493441,0.0,0.99
0,0.0,right_ankle,0.6292476039222993,0.8994464779292141,0.0,0.99
1,0.03333333333333333,left_shoulder,0.44678224737469546,0.2614227988147983,0.0,0.99
1,0.03333333333333333,right_shoulder,0.6266815868271193,0.26032074187918586,0.0,0.99
1,0.03333333333333333,left_hip,0.45124549961667715,0.48008932933990583,0.0,0.99
1,0.03333333333333333,right_hip,0.5910099263235886,0.4805753825513337,0.0,0.99
1,0.03333333333333333,left_knee,0.3893764069883623,0.6794699760005499,0.0,0.99
1,0.03333333333333333,right_knee,0.6095290668265565,0.6808666442426332,0.0,0.99
1,0.03333333333333333,left_ankle,0.3693614527598479,0.900163200327325,0.0,0.99
1,0.03333333333333333,right_ankle,0.6302778269378524,0.8997447950854515,0.0,0.99
2,0.06666666666666667,left_shoulder,0.44819265128894725,0.2612227403074748,0.0,0.99
2,0.06666666666666667,right_shoulder,0.6272163646974606,0.2615090797831668,0.0,0.99
2,0.06666666666666667,left_hip,0.4515258901449903,0.4838164912866697,0.0,0.99
2,0.06666666666666667,right_hip,0.5907933845393804,0.48413243040234616,0.0,0.99
2,0.06666666666666667,left_knee,0.39025589581232956,0.6805316061526288,0.0,0.99
2,0.06666666666666667,right_knee,0.610239231903457,0.6813300610263605,0.0,0.99
2,0.06666666666666667,left_ankle,0.3694881930214443,0.9001488474205174,0.0,0.99
2,0.06666666666666667,right_ankle,0.6300503930076229,0.9007502749911469,0.0,0.99
3,0.1,left_shoulder,0.4511314405156309,0.2642484254665329,0.0,0.99
3,0.1,right_shoulder,0.6316328996317376,0.2639086814932624,0.0,0.99
3,0.1,left_hip,0.45243210671954404,0.4893402095174407,0.0,0.99
3,0.1,right_hip,0.5918998301452947,0.48880385385926184,0.0,0.99
3,0.1,left_knee,0.3898571728368869,0.6824131205738477,0.0,0.99
3,0.1,right_knee,0.6097503834096335,0.6822227407413337,0.0,0.99
3,0.1,left_ankle,0.3707509556236618,0.8996274950256962,0.0,0.99
3,0.1,right_ankle,0.6303905907325473,0.9001887397542101,0.0,0.99
4,0.13333333333333333,left_shoulder,0.4543529691740627,0.26810558942810053,0.0,0.99
4,0.13333333333333333,right_shoulder,0.6348731143265227,0.26908254095571355,0.0,0.99
4,0.13333333333333333,left_hip,0.4544999626556714,0.4958043087457783,0.0,0.99
4,0.13333333333333333,right_hip,0.5936731048360264,0.4958789883774378,0.0,0.99
4,0.13333333333333333,left_knee,0.391659787503305,0.684627604663599,0.0,0.99
4,0.13333333333333333,right_knee,0.6092783197789697,0.683210603848854,0.0,0.99
4,0.13333333333333333,left_ankle,0.3697715828848934,0.9003373054317684,0.0,0.99
4,0.13333333333333333,right_ankle,0.6290451258561112,0.8999233905725995,0.0,0.99
5,0.16666666666666666,left_shoulder,0.4579126250457777,0.27181071987692806,0.0,0.99
5,0.16666666666666666,right_shoulder,0.6376944371266271,0.27311299426490965,0.0,0.99
5,0.16666666666666666,left_hip,0.4562456406040177,0.5032508942113268,0.0,0.99
5,0.16666666666666666,right_hip,0.5967688595662468,0.5044985084921857,0.0,0.99
5,0.16666666666666666,left_knee,0.3912572506503944,0.685487942929883,0.0,0.99
5,0.16666666666666666,right_knee,0.6080027917702939,0.6863563357808673,0.0,0.99
5,0.16666666666666666,left_ankle,0.3706385596756715,0.9007279689393971,0.0,0.99
5,0.16666666666666666,right_ankle,0.6295568421290278,0.8998305930344234,0.0,0.99
6,0.2,left_shoulder,0.4634373988371645,0.2784882421608977,0.0,0.99
6,0.2,right_shoulder,0.6446353189144292,0.2770216983180835,0.0,0.99
6,0.2,left_hip,0.4591968001828148,0.5129347538014748,0.0,0.99
6,0.2,right_hip,0.5993110368931958,0.5134407655285185,0.0,0.99
6,0.2,left_knee,0.39313155642521475,0.6874009850192644,0.0,0.99
6,0.2,right_knee,0.6060548777890199,0.687713384782918,0.0,0.99
6,0.2,left_ankle,0.36973850714578943,0.9001326824474128,0.0,0.99
6,0.2,right_ankle,0.6309061958510502,0.900380987314272,0.0,0.99
7,0.23333333333333334,left_shoulder,0.4695335910330897,0.2837377936657664,0.0,0.99
7,0.23333333333333334,right_shoulder,0.6498550083318472,0.2826105939533958,0.0,0.99
7,0.23333333333333334,left_hip,0.4638560705573094,0.5249537544078697,0.0,0.99
7,0.23333333333333334,right_hip,0.6038060309054623,0.5249895616688507,0.0,0.99
7,0.23333333333333334,left_knee,0.39370185917494055,0.6902435612943953,0.0,0.99
7,0.23333333333333334,right_knee,0.6052899728262625,0.6907141827611263,0.0,0.99
7,0.23333333333333334,left_ankle,0.36912449564323735,0.8991346952316861,0.0,0.99
7,0.23333333333333334,right_ankle,0.6294175263708923,0.8993246063755442,0.0,0.99
8,0.26666666666666666,left_shoulder,0.475469347776082,0.2888943916793979,0.0,0.99
8,0.26666666666666666,right_shoulder,0.65478970703542,0.2890917703361762,0.0,0.99
8,0.26666666666666666,left_hip,0.46575250677583263,0.5359957851793463,0.0,0.99
8,0.26666666666666666,right_hip,0.6056005798131197,0.5370172300900249,0.0,0.99
8,0.26666666666666666,left_knee,0.3951930113875132,0.6925367634024918,0.0,0.99
8,0.26666666666666666,right_knee,0.6045396421011779,0.6929344415239374,0.0,0.99
8,0.26666666666666666,left_ankle,0.36972832687905655,0.8992456844615244,0.0,0.99
8,0.26666666666666666,right_ankle,0.6306978738529693,0.9009862054434095,0.0,0.99
9,0.3,left_shoulder,0.4823643790059098,0.29640006940042246,0.0,0.99
9,0.3,right_shoulder,0.6616041694107022,0.29563677532108623,0.0,0.99
9,0.3,left_hip,0.4699254939473693,0.5483462695044375,0.0,0.99
9,0.3,right_hip,0.6108979330271264,0.548139632942056,0.0,0.99
9,0.3,left_knee,0.3951182581233555,0.6970941489624561,0.0,0.99
9,0.3,right_knee,0.6039844481088192,0.6954853828945049,0.0,0.99
9,0.3,left_ankle,0.3700863448517642,0.8990540849828443,0.0,0.99
9,0.3,right_ankle,0.6300562188818766,0.900957002485438,0.0,0.99
10,0.3333333333333333,left_shoulder,0.4900030270445277,0.30366877055576397,0.0,0.99
10,0.3333333333333333,right_shoulder,0.6687986073784071,0.30300977656747075,0.0,0.99
10,0.3333333333333333,left_hip,0.47337651572681777,0.562288143453151,0.0,0.99
10,0.3333333333333333,right_hip,0.6141076164527348,0.5623023774190233,0.0,0.99
10,0.3333333333333333,left_knee,0.39687205948742027,0.6986800286724056,0.0,0.99
10,0.3333333333333333,right_knee,0.6034102929962224,0.7002037974273811,0.0,0.99
10,0.3333333333333333,left_ankle,0.37070525759749334,0.9006121571695713,0.0,0.99
10,0.3333333333333333,right_ankle,0.6306366658866508,0.9004797460407514,0.0,0.99
11,0.36666666666666664,left_shoulder,0.49561423312299113,0.31019603159141507,0.0,0.99
11,0.36666666666666664,right_shoulder,0.6758718792296379,0.3092187144444108,0.0,0.99
11,0.36666666666666664,left_hip,0.4769229597858041,0.574306928236962,0.0,0.99
11,0.36666666666666664,right_hip,0.6173854343614955,0.5751331350422643,0.0,0.99
11,0.36666666666666664,left_knee,0.3992731558431707,0.7021881238635015,0.0,0.99
11,0.36666666666666664,right_knee,0.6025139167120644,0.7032697446243737,0.0,0.99
11,0.36666666666666664,left_ankle,0.3709100012626427,0.8997292717707237,0.0,0.99
11,0.36666666666666664,right_ankle,0.6294409246459924,0.8994536916534615,0.0,0.99
12,0.4,left_shoulder,0.5023175799256884,0.3163329143254022,0.0,0.99
12,0.4,right_shoulder,0.6831723003937255,0.31772478427461803,0.0,0.99
12,0.4,left_hip,0.48230540860947513,0.5874823745392392,0.0,0.99
12,0.4,right_hip,0.6219304936405986,0.5881227151764155,0.0,0.99
12,0.4,left_knee,0.39865691823937577,0.705620801344343,0.0,0.99
12,0.4,right_knee,0.6013321930086285,0.7058642358121294,0.0,0.99
12,0.4,left_ankle,0.3705002809196609,0.899956065489188,0.0,0.99
12,0.4,right_ankle,0.6293570434366752,0.9005782708620406,0.0,0.99
13,0.43333333333333335,left_shoulder,0.5090731230724395,0.3240097358105037,0.0,0.99
13,0.43333333333333335,right_shoulder,0.6903514032506747,0.3231997656628492,0.0,0.99
13,0.43333333333333335,left_hip,0.48502948956501885,0.6006644281724937,0.0,0.99
13,0.43333333333333335,right_hip,0.625676313260552,0.5991108414795077,0.0,0.99
13,0.43333333333333335,left_knee,0.3998220915133808,0.7074836741441898,0.0,0.99
13,0.43333333333333335,right_knee,0.6002416894126815,0.7087943767074912,0.0,0.99
13,0.43333333333333335,left_ankle,0.3692923486174877,0.9006530209570508,0.0,0.99
13,0.43333333333333335,right_ankle,0.6309606118868941,0.9003145365854721,0.0,0.99
14,0.4666666666666667,left_shoulder,0.5151613547743699,0.32955785983802854,0.0,0.99
14,0.4666666666666667,right_shoulder,0.6947225074540738,0.32848902562636717,0.0,0.99
14,0.4666666666666667,left_hip,0.48953096910450605,0.6115025910894514,0.0,0.99
14,0.4666666666666667,right_hip,0.6286423508442286,0.6120704913602186,0.0,0.99
14,0.4666666666666667,left_knee,0.4014443754985242,0.7116148368560034,0.0,0.99
14,0.4666666666666667,right_knee,0.5990755538786213,0.7102934356746808,0.0,0.99
14,0.4666666666666667,left_ankle,0.3695036696227309,0.8995859333053404,0.0,0.99
14,0.4666666666666667,right_ankle,0.6294810787851167,0.900172874336332,0.0,0.99
15,0.5,left_shoulder,0.5204583860979909,0.3347776816129595,0.0,0.99
15,0.5,right_shoulder,0.7002018038604574,0.33575969062008154,0.0,0.99
15,0.5,left_hip,0.49134071055204565,0.6214690064870165,0.0,0.99
15,0.5,right_hip,0.6317998400482228,0.6223612780631571,0.0,0.99
15,0.5,left_knee,0.40233119929265987,0.7141419561719967,0.0,0.99
15,0.5,right_knee,0.5975133551309988,0.7133701639281832,0.0,0.99
15,0.5,left_ankle,0.37004701317117433,0.8990374097358108,0.0,0.99
15,0.5,right_ankle,0.6298802498247699,0.8993662157745445,0.0,0.99
16,0.5333333333333333,left_shoulder,0.5247248780556386,0.34031535399297186,0.0,0.99
16,0.5333333333333333,right_shoulder,0.7050617065164143,0.33966399895691135,0.0,0.99
16,0.5333333333333333,left_hip,0.49473761603644334,0.6306895315346696,0.0,0.99
16,0.5333333333333333,right_hip,0.6339391937976462,0.6306132777102713,0.0,0.99
16,0.5333333333333333,left_knee,0.40339705259842507,0.7159983285471699,0.0,0.99
16,0.5333333333333333,right_knee,0.5959260499855452,0.7155503758636068,0.0,0.99
16,0.5333333333333333,left_ankle,0.3694969886420862,0.8995538341409296,0.0,0.99
16,0.5333333333333333,right_ankle,0.630544522197511,0.9000154279835847,0.0,0.99
17,0.5666666666666667,left_shoulder,0.5298040910877371,0.34420061859960405,0.0,0.99
17,0.5666666666666667,right_shoulder,0.7105056083870837,0.3435671291015789,0.0,0.99
17,0.5666666666666667,left_hip,0.4967142959433689,0.6380745228556145,0.0,0.99
17,0.5666666666666667,right_hip,0.6365135631195507,0.6384488785990086,0.0,0.99
17,0.5666666666666667,left_knee,0.40385146363693386,0.7172579630149024,0.0,0.99
17,0.5666666666666667,right_knee,0.5960093005836601,0.718074394394821,0.0,0.99
17,0.5666666666666667,left_ankle,0.37039843576436055,0.9007530709635612,0.0,0.99
17,0.5666666666666667,right_ankle,0.6308843611766072,0.8995191845882354,0.0,0.99
18,0.6,left_shoulder,0.5328566379125896,0.34762414436762124,0.0,0.99
18,0.6,right_shoulder,0.7134176098663807,0.346011879171388,0.0,0.99
18,0.6,left_hip,0.4974308051863207,0.6437219445202281,0.0,0.99
18,0.6,right_hip,0.6373326534768653,0.6433189858605846,0.0,0.99
18,0.6,left_knee,0.403602509917211,0.7188889933126617,0.0,0.99
18,0.6,right_knee,0.5961116036510805,0.7193441018877994,0.0,0.99
18,0.6,left_ankle,0.3693088932475374,0.9004322397655764,0.0,0.99
18,0.6,right_ankle,0.6303205130303827,0.8992859579958485,0.0,0.99
19,0.6333333333333333,left_shoulder,0.5355819597418142,0.3497513836398328,0.0,0.99
19,0.6333333333333333,right_shoulder,0.7142554697361038,0.349721302332338,0.0,0.99
19,0.6333333333333333,left_hip,0.499138899346379,0.647738632579593,0.0,0.99
19,0.6333333333333333,right_hip,0.640322128506433,0.6484290003685771,0.0,0.99
19,0.6333333333333333,left_knee,0.40412564779884513,0.719336952113551,0.0,0.99
19,0.6333333333333333,right_knee,0.5952284944365254,0.7191521407662333,0.0,0.99
19,0.6333333333333333,left_ankle,0.36939148933226784,0.8996370511366754,0.0,0.99
19,0.6333333333333333,right_ankle,0.6304443016702824,0.8990389658561048,0.0,0.99
20,0.6666666666666666,left_shoulder,0.5359760615488849,0.34974887725687376,0.0,0.99
20,0.6666666666666666,right_shoulder,0.7149041250149224,0.34953095683155233,0.0,0.99
20,0.6666666666666666,left_hip,0.5001744991773772,0.6497751176695448,0.0,0.99
20,0.6666666666666666,right_hip,0.639055226614775,0.6507207595888861,0.0,0.99
20,0.6666666666666666,left_knee,0.40555471962107326,0.720884707940969,0.0,0.99
20,0.6666666666666666,right_knee,0.5942315656796676,0.7194724445683619,0.0,0.99
20,0.6666666666666666,left_ankle,0.3690791763798281,0.9005579948601358,0.0,0.99
20,0.6666666666666666,right_ankle,0.6295408921950426,0.8992591111186113,0.0,0.99
21,0.7,left_shoulder,0.5357124694158236,0.3506907886856356,0.0,0.99
21,0.7,right_shoulder,0.7165059190128309,0.34938517908285605,0.0,0.99
21,0.7,left_hip,0.49922538092440166,0.6505889361176415,0.0,0.99
21,0.7,right_hip,0.64006783488038,0.6501514279937112,0.0,0.99
21,0.7,left_knee,0.4041569179245717,0.7190563690485567,0.0,0.99
21,0.7,right_knee,0.595398417633819,0.7197919501052663,0.0,0.99
21,0.7,left_ankle,0.3691448281894464,0.9008766994180804,0.0,0.99
21,0.7,right_ankle,0.6302688790125931,0.9006032571831428,0.0,0.99
22,0.7333333333333333,left_shoulder,0.533983779126969,0.3495287513472443,0.0,0.99
22,0.7333333333333333,right_shoulder,0.713949539144249,0.34954184401260774,0.0,0.99
22,0.7333333333333333,left_hip,0.49924993263889034,0.6474424145841805,0.0,0.99
22,0.7333333333333333,right_hip,0.6394485138338605,0.6486174495977536,0.0,0.99
22,0.7333333333333333,left_knee,0.4043384351724383,0.7187323580773464,0.0,0.99
22,0.7333333333333333,right_knee,0.595251114373971,0.7189507808164783,0.0,0.99
22,0.7333333333333333,left_ankle,0.3692189029301586,0.8993228981831952,0.0,0.99
22,0.7333333333333333,right_ankle,0.6291007594344191,0.899403536497537,0.0,0.99
23,0.7666666666666667,left_shoulder,0.5323615951077512,0.3463476210953527,0.0,0.99
23,0.7666666666666667,right_shoulder,0.7132566068095914,0.34631753196904297,0.0,0.99
23,0.7666666666666667,left_hip,0.49818773847727604,0.6431935081121039,0.0,0.99
23,0.7666666666666667,right_hip,0.637881563321808,0.6428740345582672,0.0,0.99
23,0.7666666666666667,left_knee,0.40395716589565617,0.7175807412569519,0.0,0.99
23,0.7666666666666667,right_knee,0.5960098923835989,0.7186521472780644,0.0,0.99
23,0.7666666666666667,left_ankle,0.36937891299298753,0.8999495212770355,0.0,0.99
23,0.7666666666666667,right_ankle,0.6308692856795647,0.8992125626900542,0.0,0.99
24,0.8,left_shoulder,0.5303184725951076,0.34354498748599294,0.0,0.99
24,0.8,right_shoulder,0.7096706354613392,0.34434986018108454,0.0,0.99
24,0.8,left_hip,0.49627541232580324,0.6380767884982224,0.0,0.99
24,0.8,right_hip,0.6368647236460614,0.6390282976747417,0.0,0.99
24,0.8,left_knee,0.40363218130323897,0.7178559652262729,0.0,0.99
24,0.8,right_knee,0.5964666787508884,0.717463346037514,0.0,0.99
24,0.8,left_ankle,0.3698093954174137,0.8996951043603105,0.0,0.99
24,0.8,right_ankle,0.6291087770735769,0.8992596371623018,0.0,0.99
25,0.8333333333333334,left_shoulder,0.5248584587231554,0.3401987914883533,0.0,0.99
25,0.8333333333333334,right_shoulder,0.7052282008455268,0.3390435061325402,0.0,0.99
25,0.8333333333333334,left_hip,0.49345619924096445,0.6312591182485667,0.0,0.99
25,0.8333333333333334,right_hip,0.635028305138044,0.6309176668806825,0.0,0.99
25,0.8333333333333334,left_knee,0.40285003541327785,0.714914209464424,0.0,0.99
25,0.8333333333333334,right_knee,0.596299948136496,0.7153486894832284,0.0,0.99
25,0.8333333333333334,left_ankle,0.3693150658796584,0.8998916492164675,0.0,0.99
25,0.8333333333333334,right_ankle,0.6295264861339948,0.9009235730667252,0.0,0.99
26,0.8666666666666667,left_shoulder,0.5218849025033432,0.33503380325568827,0.0,0.99
26,0.8666666666666667,right_shoulder,0.7004285494953342,0.33587099004756804,0.0,0.99
26,0.8666666666666667,left_hip,0.49125223833949505,0.621265852348101,0.0,0.99
26,0.8666666666666667,right_hip,0.6306352803340289,0.6213159377272982,0.0,0.99
26,0.8666666666666667,left_knee,0.4024392300060361,0.7133120420160641,0.0,0.99
26,0.8666666666666667,right_knee,0.5969120173571604,0.71331598528234,0.0,0.99
26,0.8666666666666667,left_ankle,0.3690099010630079,0.8995283373716033,0.0,0.99
26,0.8666666666666667,right_ankle,0.629179506795762,0.8997990223405778,0.0,0.99
27,0.9,left_shoulder,0.5145438736654372,0.32850552804399547,0.0,0.99
27,0.9,right_shoulder,0.6950690288705036,0.32892615888323656,0.0,0.99
27,0.9,left_hip,0.4887603553183938,0.61126162084669,0.0,0.99
27,0.9,right_hip,0.6290902700104024,0.6115183290967291,0.0,0.99
27,0.9,left_knee,0.4020087435050738,0.7116295323871593,0.0,0.99
27,0.9,right_knee,0.5982022763171118,0.7105236205082772,0.0,0.99
27,0.9,left_ankle,0.3709694581701486,0.8992989262980845,0.0,0.99
27,0.9,right_ankle,0.6304483115467236,0.9002864388994091,0.0,0.99
28,0.9333333333333333,left_shoulder,0.5084956648060934,0.3240786677591781,0.0,0.99
28,0.9333333333333333,right_shoulder,0.6901919733844674,0.32366275292137414,0.0,0.99
28,0.9333333333333333,left_hip,0.48569442017623743,0.6003952719909886,0.0,0.99
28,0.9333333333333333,right_hip,0.6245053311493218,0.5998183487286209,0.0,0.99
28,0.9333333333333333,left_knee,0.40057675688129596,0.7088512479303009,0.0,0.99
28,0.9333333333333333,right_knee,0.6000413404327124,0.7088341909864309,0.0,0.99
28,0.9333333333333333,left_ankle,0.37016812303361246,0.9007856594728111,0.0,0.99
28,0.9333333333333333,right_ankle,0.630365790739001,0.9003866522705986,0.0,0.99
29,0.9666666666666667,left_shoulder,0.5023840490399228,0.31598648865142887,0.0,0.99
29,0.9666666666666667,right_shoulder,0.6821903539946904,0.3166455825517168,0.0,0.99
29,0.9666666666666667,left_hip,0.4808343704970539,0.5881950700863162,0.0,0.99
29,0.9666666666666667,right_hip,0.6217415920479084,0.5877789619037587,0.0,0.99
29,0.9666666666666667,left_knee,0.39973981418434057,0.7056609583960949,0.0,0.99
29,0.9666666666666667,right_knee,0.6004912273632446,0.704306258698189,0.0,0.99
29,0.9666666666666667,left_ankle,0.3705953951041417,0.9004965307404474,0.0,0.99
29,0.9666666666666667,right_ankle,0.6300059421047249,0.9000703996284596,0.0,0.99
30,1.0,left_shoulder,0.49647935312153674,0.30929285485537233,0.0,0.99
30,1.0,right_shoulder,0.6766343308000125,0.3096651412058534,0.0,0.99
30,1.0,left_hip,0.4770159856349083,0.5742792076032548,0.0,0.99
30,1.0,right_hip,0.6183257557110388,0.5741585262130282,0.0,0.99
30,1.0,left_knee,0.3988397828733295,0.7032451386961736,0.0,0.99
30,1.0,right_knee,0.6016277718672106,0.702058789462433,0.0,0.99
30,1.0,left_ankle,0.36995802032814123,0.9003673931254047,0.0,0.99
30,1.0,right_ankle,0.630533940211635,0.9002339480315565,0.0,0.99
31,1.0333333333333334,left_shoulder,0.4895619029347124,0.30243132062298406,0.0,0.99
31,1.0333333333333334,right_shoulder,0.6685712271297022,0.30278425754726024,0.0,0.99
31,1.0333333333333334,left_hip,0.4745288661724637,0.5613531019122655,0.0,0.99
31,1.0333333333333334,right_hip,0.6141779550534877,0.5607692060629969,0.0,0.99
31,1.0333333333333334,left_knee,0.396334051525452,0.6987714908577778,0.0,0.99
31,1.0333333333333334,right_knee,0.6031312736599856,0.6996183156713403,0.0,0.99
31,1.0333333333333334,left_ankle,0.37035141531362553,0.8995817129568587,0.0,0.99
31,1.0333333333333334,right_ankle,0.6300330713880888,0.8999293257067487,0.0,0.99
32,1.0666666666666667,left_shoulder,0.4823650783961837,0.29566940581299306,0.0,0.99
32,1.0666666666666667,right_shoulder,0.6632197259399404,0.29583090014730895,0.0,0.99
32,1.0666666666666667,left_hip,0.4711964737443974,0.5496892644029107,0.0,0.99
32,1.0666666666666667,right_hip,0.6092752311825166,0.5487346973669304,0.0,0.99
32,1.0666666666666667,left_knee,0.3967118620666647,0.6971283943200082,0.0,0.99
32,1.0666666666666667,right_knee,0.6038268352580372,0.6957294922970539,0.0,0.99
32,1.0666666666666667,left_ankle,0.3694196744399749,0.9008911745537898,0.0,0.99
32,1.0666666666666667,right_ankle,0.6294214175950679,0.9001629447354421,0.0,0.99
33,1.1,left_shoulder,0.4750727218273364,0.28983737189672704,0.0,0.99
33,1.1,right_shoulder,0.6566947211449239,0.28905445061737944,0.0,0.99
33,1.1,left_hip,0.46719001206101696,0.5362860540425748,0.0,0.99
33,1.1,right_hip,0.6073233023590171,0.5366752394128653,0.0,0.99
33,1.1,left_knee,0.3944276406180372,0.6940350738230308,0.0,0.99
33,1.1,right_knee,0.6050074079009181,0.6922893312380113,0.0,0.99
33,1.1,left_ankle,0.36900718094333945,0.8999833922189711,0.0,0.99
33,1.1,right_ankle,0.6299015206009957,0.8996039020825503,0.0,0.99
34,1.1333333333333333,left_shoulder,0.46878402260746355,0.28319052845980414,0.0,0.99
34,1.1333333333333333,right_shoulder,0.6491347642576981,0.2841830702342442,0.0,0.99
34,1.1333333333333333,left_hip,0.46206048730102844,0.5248952835088003,0.0,0.99
34,1.1333333333333333,right_hip,0.6037352261264943,0.5236338981216421,0.0,0.99
34,1.1333333333333333,left_knee,0.3947698990809308,0.6908716507613487,0.0,0.99
34,1.1333333333333333,right_knee,0.6068860317650397,0.6900252695477058,0.0,0.99
34,1.1333333333333333,left_ankle,0.369744443998709,0.8997857987640823,0.0,0.99
34,1.1333333333333333,right_ankle,0.6309975850115712,0.9001783533107698,0.0,0.99
35,1.1666666666666667,left_shoulder,0.4634412751543481,0.2775759620092805,0.0,0.99
35,1.1666666666666667,right_shoulder,0.6432701670117463,0.27681639270000086,0.0,0.99
35,1.1666666666666667,left_hip,0.4590477844417693,0.5141401920577903,0.0,0.99
35,1.1666666666666667,right_hip,0.5994156111059689,0.5143420198444584,0.0,0.99
35,1.1666666666666667,left_knee,0.3924519588505739,0.6874069478106225,0.0,0.99
35,1.1666666666666667,right_knee,0.6070686165578646,0.6872551898749933,0.0,0.99
35,1.1666666666666667,left_ankle,0.36974669857003006,0.9009123305295073,0.0,0.99
35,1.1666666666666667,right_ankle,0.6307685331110509,0.9006239245349416,0.0,0.99
36,1.2,left_shoulder,0.45883831989570273,0.27340337606288334,0.0,0.99
36,1.2,right_shoulder,0.639457926884641,0.27267498458434053,0.0,0.99
36,1.2,left_hip,0.4574261053238826,0.5028546166128202,0.0,0.99
36,1.2,right_hip,0.5974516650968853,0.5036573853898546,0.0,0.99
36,1.2,left_knee,0.3926014240664756,0.6858785495488213,0.0,0.99
36,1.2,right_knee,0.607476328592609,0.6846875219379595,0.0,0.99
36,1.2,left_ankle,0.3708535540930943,0.8992546226407702,0.0,0.99
36,1.2,right_ankle,0.6299443681748936,0.8996873257053158,0.0,0.99
37,1.2333333333333334,left_shoulder,0.45378872249658725,0.2686712437754902,0.0,0.99
37,1.2333333333333334,right_shoulder,0.6351457711183174,0.26771351687472583,0.0,0.99
37,1.2333333333333334,left_hip,0.45486375663289647,0.4950776769169067,0.0,0.99
37,1.2333333333333334,right_hip,0.5946664093857461,0.4952647398902355,0.0,0.99
37,1.2333333333333334,left_knee,0.390700194729767,0.6829647267074759,0.0,0.99
37,1.2333333333333334,right_knee,0.6080502152480238,0.6844533326051506,0.0,0.99
37,1.2333333333333334,left_ankle,0.3699941515706537,0.8994400505044011,0.0,0.99
37,1.2333333333333334,right_ankle,0.6308125187804228,0.9009929502272495,0.0,0.99
38,1.2666666666666666,left_shoulder,0.4505724708239161,0.2639517420647519,0.0,0.99
38,1.2666666666666666,right_shoulder,0.630057364128274,0.26385397895296553,0.0,0.99
38,1.2666666666666666,left_hip,0.45227977154353677,0.4880081163378756,0.0,0.99
38,1.2666666666666666,right_hip,0.5920741142374085,0.48834264279462014,0.0,0.99
38,1.2666666666666666,left_knee,0.39091799380742404,0.6828511917792024,0.0,0.99
38,1.2666666666666666,right_knee,0.6097205568924173,0.6819022521780606,0.0,0.99
38,1.2666666666666666,left_ankle,0.3698277671448267,0.9000483362855018,0.0,0.99
38,1.2666666666666666,right_ankle,0.6297537316273188,0.8996764062010066,0.0,0.99
39,1.3,left_shoulder,0.4472212813934001,0.2616521950514847,0.0,0.99
39,1.3,right_shoulder,0.6290325328826519,0.26134890996104526,0.0,0.99
39,1.3,left_hip,0.451171881693849,0.48422056048702283,0.0,0.99
39,1.3,right_hip,0.5918908128967286,0.48339323295697084,0.0,0.99
39,1.3,left_knee,0.3898915688217134,0.6804289794584283,0.0,0.99
39,1.3,right_knee,0.6094499872139033,0.6808237889436146,0.0,0.99
39,1.3,left_ankle,0.3709078871505263,0.900697367352461,0.0,0.99
39,1.3,right_ankle,0.6307457819725281,0.8990436210204251,0.0,0.99
40,1.3333333333333333,left_shoulder,0.4455918679166585,0.26094640449976164,0.0,0.99
40,1.3333333333333333,right_shoulder,0.627318773968578,0.2604739174852979,0.0,0.99
40,1.3333333333333333,left_hip,0.45046734238648983,0.4799965213543091,0.0,0.99
40,1.3333333333333333,right_hip,0.5900760315969108,0.4818498185261257,0.0,0.99
40,1.3333333333333333,left_knee,0.390739075234202,0.6809453168720216,0.0,0.99
40,1.3333333333333333,right_knee,0.6108565854221432,0.6797313220905715,0.0,0.99
40,1.3333333333333333,left_ankle,0.3692180919978589,0.8993087567709694,0.0,0.99
40,1.3333333333333333,right_ankle,0.6300447312142237,0.9003641501234306,0.0,0.99
41,1.3666666666666667,left_shoulder,0.4468829811189382,0.2604434705779106,0.0,0.99
41,1.3666666666666667,right_shoulder,0.62629469623933,0.26052960109554063,0.0,0.99
41,1.3666666666666667,left_hip,0.44991465008385484,0.480103001829637,0.0,0.99
41,1.3666666666666667,right_hip,0.5890790925175154,0.48056459723600226,0.0,0.99
41,1.3666666666666667,left_knee,0.3894651536579338,0.680839840218985,0.0,0.99
41,1.3666666666666667,right_knee,0.6102910115527365,0.6796075645232564,0.0,0.99
41,1.3666666666666667,left_ankle,0.36925593369642606,0.8995035878945628,0.0,0.99
41,1.3666666666666667,right_ankle,0.6302725821947669,0.9003971638346291,0.0,0.99
42,1.4,left_shoulder,0.4564742653682745,0.2597074339860217,0.0,0.99
42,1.4,right_shoulder,0.6372988733640841,0.2607325121171513,0.0,0.99
42,1.4,left_hip,0.45602616389484524,0.48001389623652463,0.0,0.99
42,1.4,right_hip,0.5964521217942409,0.4795876534490888,0.0,0.99
42,1.4,left_knee,0.39335304260248505,0.6799213812541754,0.0,0.99
42,1.4,right_knee,0.6071678799437933,0.6802891512787255,0.0,0.99
42,1.4,left_ankle,0.3707675480580681,0.8999506084401351,0.0,0.99
42,1.4,right_ankle,0.6294695361934156,0.8994941167686773,0.0,0.99
43,1.4333333333333333,left_shoulder,0.4586986093895377,0.26037652259269745,0.0,0.99
43,1.4333333333333333,right_shoulder,0.6373921765857207,0.25901079003528843,0.0,0.99
43,1.4333333333333333,left_hip,0.4565396098949224,0.480733651693927,0.0,0.99
43,1.4333333333333333,right_hip,0.5963830211497492,0.4798992374141781,0.0,0.99
43,1.4333333333333333,left_knee,0.39417260691932277,0.6810847131804149,0.0,0.99
43,1.4333333333333333,right_knee,0.605615675324842,0.6793025863711398,0.0,0.99
43,1.4333333333333333,left_ankle,0.36967610314068694,0.8998411136919606,0.0,0.99
43,1.4333333333333333,right_ankle,0.6303651333659345,0.8993961592764669,0.0,0.99
44,1.4666666666666666,left_shoulder,0.4599412907917706,0.26215303915486876,0.0,0.99
44,1.4666666666666666,right_shoulder,0.6393569191322431,0.26108521788539457,0.0,0.99
44,1.4666666666666666,left_hip,0.4583548076434104,0.48295846572974294,0.0,0.99
44,1.4666666666666666,right_hip,0.5980550991875128,0.4827966518700903,0.0,0.99
44,1.4666666666666666,left_knee,0.3935424126859194,0.6814530136382465,0.0,0.99
44,1.4666666666666666,right_knee,0.6054903386414467,0.6818359259273633,0.0,0.99
44,1.4666666666666666,left_ankle,0.36999152945891167,0.8993746264263462,0.0,0.99
44,1.4666666666666666,right_ankle,0.6294466482771196,0.899834058164215,0.0,0.99
45,1.5,left_shoulder,0.4622531384422652,0.26623908130614526,0.0,0.99
45,1.5,right_shoulder,0.641215316044698,0.2651284786510259,0.0,0.99
45,1.5,left_hip,0.4582717592259352,0.4899889001419052,0.0,0.99
45,1.5,right_hip,0.5981296832312016,0.4881443418152098,0.0,0.99
45,1.5,left_knee,0.393649028831083,0.6818633322533664,0.0,0.99
45,1.5,right_knee,0.6062675764909224,0.6828438561356445,0.0,0.99
45,1.5,left_ankle,0.3704654475318373,0.9009950596105958,0.0,0.99
45,1.5,right_ankle,0.6308631909961347,0.8996584855197473,0.0,0.99
46,1.5333333333333334,left_shoulder,0.4648142031454137,0.2693149273235436,0.0,0.99
46,1.5333333333333334,right_shoulder,0.6459357956494255,0.26750695159603066,0.0,0.99
46,1.5333333333333334,left_hip,0.46113062570829483,0.4946866695758487,0.0,0.99
46,1.5333333333333334,right_hip,0.6005495332204173,0.49459282572242436,0.0,0.99
46,1.5333333333333334,left_knee,0.3944540516787649,0.6826471542330419,0.0,0.99
46,1.5333333333333334,right_knee,0.6044440830622689,0.6833443465047206,0.0,0.99
46,1.5333333333333334,left_ankle,0.37091102966495115,0.899247416564243,0.0,0.99
46,1.5333333333333334,right_ankle,0.6309285424315751,0.899414804866614,0.0,0.99
47,1.5666666666666667,left_shoulder,0.4695397867297813,0.27248624826163564,0.0,0.99
47,1.5666666666666667,right_shoulder,0.6504705442528889,0.27170799969493453,0.0,0.99
47,1.5666666666666667,left_hip,0.46233547483168236,0.5017464473565734,0.0,0.99
47,1.5666666666666667,right_hip,0.6029823889388303,0.5026385320929598,0.0,0.99
47,1.5666666666666667,left_knee,0.3952321404228832,0.6853180658527755,0.0,0.99
47,1.5666666666666667,right_knee,0.6049478986819039,0.6846501322381392,0.0,0.99
47,1.5666666666666667,left_ankle,0.3698216036595108,0.9006236490551444,0.0,0.99
47,1.5666666666666667,right_ankle,0.630533336004686,0.8990812989678318,0.0,0.99
48,1.6,left_shoulder,0.4740395652779692,0.2767840270671763,0.0,0.99
48,1.6,right_shoulder,0.6558100099482583,0.27717289908550763,0.0,0.99
48,1.6,left_hip,0.4665889383348114,0.5124841904928966,0.0,0.99
48,1.6,right_hip,0.6057725037919784,0.5112317162404544,0.0,0.99
48,1.6,left_knee,0.3976186886283678,0.6881094487441407,0.0,0.99
48,1.6,right_knee,0.6028210355293858,0.6883087632735296,0.0,0.99
48,1.6,left_ankle,0.3696329672623311,0.8995512606545897,0.0,0.99
48,1.6,right_ankle,0.6290075432318684,0.9005113047450121,0.0,0.99
49,1.6333333333333333,left_shoulder,0.48158552737424776,0.2845197117913871,0.0,0.99
49,1.6333333333333333,right_shoulder,0.6616391084519974,0.28330026511560263,0.0,0.99
49,1.6333333333333333,left_hip,0.4687747370577031,0.5228083612869273,0.0,0.99
49,1.6333333333333333,right_hip,0.6102205598384087,0.5237658043314227,0.0,0.99
49,1.6333333333333333,left_knee,0.3974401309387381,0.6899476972714166,0.0,0.99
49,1.6333333333333333,right_knee,0.6021927748068368,0.6904325513172125,0.0,0.99
49,1.6333333333333333,left_ankle,0.3708561988397917,0.8993658784629212,0.0,0.99
49,1.6333333333333333,right_ankle,0.6306051366467932,0.900476976026644,0.0,0.99
50,1.6666666666666667,left_shoulder,0.4876847509766396,0.29020280251651626,0.0,0.99
50,1.6666666666666667,right_shoulder,0.6672537489341082,0.28931278337850685,0.0,0.99
50,1.6666666666666667,left_hip,0.47243867560312547,0.5329640493449833,0.0,0.99
50,1.6666666666666667,right_hip,0.6133640752811014,0.5323983622060691,0.0,0.99
50,1.6666666666666667,left_knee,0.3981094969953676,0.6937454337731529,0.0,0.99
50,1.6666666666666667,right_knee,0.6007797416125076,0.6923691284834316,0.0,0.99
50,1.6666666666666667,left_ankle,0.36906772743883265,0.9001051892868372,0.0,0.99
50,1.6666666666666667,right_ankle,0.6296515167081459,0.9009605115417623,0.0,0.99
51,1.7,left_shoulder,0.494449349340452,0.29669293376931855,0.0,0.99
51,1.7,right_shoulder,0.6732121827199498,0.29488545130524607,0.0,0.99
51,1.7,left_hip,0.47568306742798594,0.5445565533829362,0.0,0.99
51,1.7,right_hip,0.6169097646128922,0.5444535290519739,0.0,0.99
51,1.7,left_knee,0.3992904592788946,0.696025859079154,0.0,0.99
51,1.7,right_knee,0.6004185486104984,0.6965403950542229,0.0,0.99
51,1.7,left_ankle,0.37049595408944136,0.9006939741488379,0.0,0.99
51,1.7,right_ankle,0.6303288504445488,0.899242329474982,0.0,0.99
52,1.7333333333333334,left_shoulder,0.5012081193435557,0.30318027499022104,0.0,0.99
52,1.7333333333333334,right_shoulder,0.6806601453974275,0.3033386527713538,0.0,0.99
52,1.7333333333333334,left_hip,0.48076856651320327,0.5572515559905608,0.0,0.99
52,1.7333333333333334,right_hip,0.6197872899105387,0.5573438564025616,0.0,0.99
52,1.7333333333333334,left_knee,0.400269373896511,0.7000022809652524,0.0,0.99
52,1.7333333333333334,right_knee,0.5991938320142552,0.6988866211644433,0.0,0.99
52,1.7333333333333334,left_ankle,0.3697921391912051,0.9009848974532776,0.0,0.99
52,1.7333333333333334,right_ankle,0.6300146490264878,0.8994627618886477,0.0,0.99
53,1.7666666666666666,left_shoulder,0.5080276399257143,0.31110100551012765,0.0,0.99
53,1.7666666666666666,right_shoulder,0.6883926654450925,0.30999901724730405,0.0,0.99
53,1.7666666666666666,left_hip,0.4840666111534195,0.5711431548482546,0.0,0.99
53,1.7666666666666666,right_hip,0.6247981983632025,0.5713337005434219,0.0,0.99
53,1.7666666666666666,left_knee,0.40119084942136335,0.7018810234396935,0.0,0.99
53,1.7666666666666666,right_knee,0.5971283075670082,0.7016728148693264,0.0,0.99
53,1.7666666666666666,left_ankle,0.3709459303591836,0.9001663875310744,0.0,0.99
53,1.7666666666666666,right_ankle,0.6308603474956023,0.8997444739269118,0.0,0.99
54,1.8,left_shoulder,0.5149064222556676,0.31634279030627854,0.0,0.99
54,1.8,right_shoulder,0.6936940640431555,0.3170001151428562,0.0,0.99
54,1.8,left_hip,0.4887659417218287,0.580721088731214,0.0,0.99
54,1.8,right_hip,0.6280668316862805,0.581749424566436,0.0,0.99
54,1.8,left_knee,0.40267265211028147,0.7050370471508599,0.0,0.99
54,1.8,right_knee,0.5960453777029131,0.7047075829188303,0.0,0.99
54,1.8,left_ankle,0.36950982734617943,0.9001988467385207,0.0,0.99
54,1.8,right_ankle,0.6303032856421762,0.8994068835797123,0.0,0.99
55,1.8333333333333333,left_shoulder,0.5196808483459903,0.3225525778031614,0.0,0.99
55,1.8333333333333333,right_shoulder,0.701014728152881,0.32226836953839355,0.0,0.99
55,1.8333333333333333,left_hip,0.491101107396824,0.5925029650826269,0.0,0.99
55,1.8333333333333333,right_hip,0.6320672782653651,0.5931922392067134,0.0,0.99
55,1.8333333333333333,left_knee,0.4034445569358415,0.7073841482783524,0.0,0.99
55,1.8333333333333333,right_knee,0.5954725786466084,0.7082816479642167,0.0,0.99
55,1.8333333333333333,left_ankle,0.3702783638914525,0.8991823051967183,0.0,0.99
55,1.8333333333333333,right_ankle,0.6293273786365654,0.9003908117751951,0.0,0.99
56,1.8666666666666667,left_shoulder,0.5265301175928304,0.3296381709365336,0.0,0.99
56,1.8666666666666667,right_shoulder,0.7063257312755418,0.33097794622141324,0.0,0.99
56,1.8666666666666667,left_hip,0.4944639125234107,0.6051942026446975,0.0,0.99
56,1.8666666666666667,right_hip,0.6345535521821708,0.6048940532804424,0.0,0.99
56,1.8666666666666667,left_knee,0.4060552493732497,0.7118645917111506,0.0,0.99
56,1.8666666666666667,right_knee,0.5944008061250394,0.7102657541803664,0.0,0.99
56,1.8666666666666667,left_ankle,0.3704560633958127,0.8994073343417345,0.0,0.99
56,1.8666666666666667,right_ankle,0.629011753193053,0.9008032611631835,0.0,0.99
57,1.9,left_shoulder,0.532037166116815,0.33593294761057785,0.0,0.99
57,1.9,right_shoulder,0.7120020918748229,0.3360578863410895,0.0,0.99
57,1.9,left_hip,0.497804954975485,0.613944527675152,0.0,0.99
57,1.9,right_hip,0.6369128112532882,0.6147225342289885,0.0,0.99
57,1.9,left_knee,0.40652127613525596,0.7141261030280447,0.0,0.99
57,1.9,right_knee,0.592938119472742,0.7135509031934968,0.0,0.99
57,1.9,left_ankle,0.36974168724920226,0.900008926125939,0.0,0.99
57,1.9,right_ankle,0.6292917736522547,0.8995665900135311,0.0,0.99
58,1.9333333333333333,left_shoulder,0.537009330842617,0.33986613460596427,0.0,0.99
58,1.9333333333333333,right_shoulder,0.7161845987805745,0.33899615432566116,0.0,0.99
58,1.9333333333333333,left_hip,0.5011468567244068,0.623058189203721,0.0,0.99
58,1.9333333333333333,right_hip,0.6399319129057999,0.6213777377663756,0.0,0.99
58,1.9333333333333333,left_knee,0.4079223202674026,0.7163808767622061,0.0,0.99
58,1.9333333333333333,right_knee,0.5929293041224548,0.7145365326930656,0.0,0.99
58,1.9333333333333333,left_ankle,0.37085233562642883,0.8997757903648361,0.0,0.99
58,1.9333333333333333,right_ankle,0.6308084416942643,0.900240685935143,0.0,0.99
59,1.9666666666666666,left_shoulder,0.541579743822125,0.3428294969216176,0.0,0.99
59,1.9666666666666666,right_shoulder,0.7215022834581029,0.34295309479656794,0.0,0.99
59,1.9666666666666666,left_hip,0.5025482092791894,0.6304488146297634,0.0,0.99
59,1.9666666666666666,right_hip,0.6433976155790522,0.6291220429587263,0.0,0.99
59,1.9666666666666666,left_knee,0.4071330458066686,0.7169908833058968,0.0,0.99
59,1.9666666666666666,right_knee,0.5923390129842265,0.716958544886648,0.0,0.99
59,1.9666666666666666,left_ankle,0.36924611340685887,0.8994941177959843,0.0,0.99
59,1.9666666666666666,right_ankle,0.6304497653814503,0.9007945900439113,0.0,0.99
60,2.0,left_shoulder,0.5430698083663632,0.34760841692993905,0.0,0.99
60,2.0,right_shoulder,0.7245025328092682,0.34655998779582964,0.0,0.99
60,2.0,left_hip,0.5051139697967638,0.6353864672442422,0.0,0.99
60,2.0,right_hip,0.6446366008180776,0.6362511088876944,0.0,0.99
60,2.0,left_knee,0.4084603532203759,0.7181624773094442,0.0,0.99
60,2.0,right_knee,0.591633875346603,0.7187152983436406,0.0,0.99
60,2.0,left_ankle,0.3698514796851458,0.9003176854158558,0.0,0.99
60,2.0,right_ankle,0.6298935787901816,0.8998767051872427,0.0,0.99
61,2.033333333333333,left_shoulder,0.5451130446349551,0.3490334985936934,0.0,0.99
61,2.033333333333333,right_shoulder,0.7260452972724274,0.34826621668084035,0.0,0.99
61,2.033333333333333,left_hip,0.5061195159864348,0.6396685640924868,0.0,0.99
61,2.033333333333333,right_hip,0.6455089636787392,0.6384677523784271,0.0,0.99
61,2.033333333333333,left_knee,0.40849915337173065,0.7186880606209614,0.0,0.99
61,2.033333333333333,right_knee,0.590704196080868,0.71933510649106,0.0,0.99
61,2.033333333333333,left_ankle,0.36918342628780426,0.89988393426693,0.0,0.99
61,2.033333333333333,right_ankle,0.6300203224965497,0.8990815335816242,0.0,0.99
62,2.066666666666667,left_shoulder,0.5473908350976013,0.3482916260593367,0.0,0.99
62,2.066666666666667,right_shoulder,0.7275849215029896,0.34968241617609785,0.0,0.99
62,2.066666666666667,left_hip,0.5061996084950452,0.6393811430326203,0.0,0.99
62,2.066666666666667,right_hip,0.6461844931567033,0.6400283384299479,0.0,0.99
62,2.066666666666667,left_knee,0.40962972946710025,0.7192136874502848,0.0,0.99
62,2.066666666666667,right_knee,0.5919861467135876,0.7209335643891683,0.0,0.99
62,2.066666666666667,left_ankle,0.37046416878242117,0.9006299788968204,0.0,0.99
62,2.066666666666667,right_ankle,0.6293874146063867,0.9009634561819687,0.0,0.99
63,2.1,left_shoulder,0.5471017009849692,0.35099271926690717,0.0,0.99
63,2.1,right_shoulder,0.7279500435006031,0.3494096637241273,0.0,0.99
63,2.1,left_hip,0.5067534080742053,0.6420860768145179,0.0,0.99
63,2.1,right_hip,0.6453076774492905,0.64092670465452,0.0,0.99
63,2.1,left_knee,0.4092403530423701,0.7192588509222516,0.0,0.99
63,2.1,right_knee,0.5920650809740029,0.7194913012075257,0.0,0.99
63,2.1,left_ankle,0.37063125330889823,0.8992871445902312,0.0,0.99
63,2.1,right_ankle,0.6300044358665396,0.9008398156237618,0.0,0.99
64,2.1333333333333333,left_shoulder,0.5454829407575953,0.34902835047850367,0.0,0.99
64,2.1333333333333333,right_shoulder,0.7260783080200408,0.349140770184437,0.0,0.99
64,2.1333333333333333,left_hip,0.5046660517105438,0.6391797074012552,0.0,0.99
64,2.1333333333333333,right_hip,0.6449148442908745,0.6406883221481049,0.0,0.99
64,2.1333333333333333,left_knee,0.40891207558909204,0.7202647346846099,0.0,0.99
64,2.1333333333333333,right_knee,0.5907847684093394,0.7200436471079747,0.0,0.99
64,2.1333333333333333,left_ankle,0.3692301574016849,0.9000614424653138,0.0,0.99
64,2.1333333333333333,right_ankle,0.6302726373502358,0.89971955825338,0.0,0.99
65,2.1666666666666665,left_shoulder,0.5447335144986735,0.3464596335216311,0.0,0.99
65,2.1666666666666665,right_shoulder,0.7241476976717889,0.3471143431494777,0.0,0.99
65,2.1666666666666665,left_hip,0.5036467788743818,0.636002457316035,0.0,0.99
65,2.1666666666666665,right_hip,0.6446971137095023,0.6348050609214577,0.0,0.99
65,2.1666666666666665,left_knee,0.40880160959439793,0.7180795572607113,0.0,0.99
65,2.1666666666666665,right_knee,0.5927747281117569,0.7187047700458726,0.0,0.99
65,2.1666666666666665,left_ankle,0.3697205027689163,0.9005292783838718,0.0,0.99
65,2.1666666666666665,right_ankle,0.6298845632557578,0.8993535121174958,0.0,0.99
66,2.2,left_shoulder,0.5414178217557173,0.3421909643212318,0.0,0.99
66,2.2,right_shoulder,0.7215702809086262,0.3426016864132298,0.0,0.99
66,2.2,left_hip,0.5030177158610806,0.6303096590568017,0.0,0.99
66,2.2,right_hip,0.6429109808247446,0.6296689457230971,0.0,0.99
66,2.2,left_knee,0.4073220696842197,0.7161949740771036,0.0,0.99
66,2.2,right_knee,0.5913708142536559,0.716490121653195,0.0,0.99
66,2.2,left_ankle,0.3702321041021588,0.8998644657495274,0.0,0.99
66,2.2,right_ankle,0.6300253559703246,0.9007910849012103,0.0,0.99
67,2.2333333333333334,left_shoulder,0.5362310596788645,0.33971093979568867,0.0,0.99
67,2.2333333333333334,right_shoulder,0.7172732299435435,0.33930099955950577,0.0,0.99
67,2.2333333333333334,left_hip,0.49954246048213063,0.6230756476953045,0.0,0.99
67,2.2333333333333334,right_hip,0.6397499547999597,0.623080025644995,0.0,0.99
67,2.2333333333333334,left_knee,0.40648468677340904,0.715596965435505,0.0,0.99
67,2.2333333333333334,right_knee,0.5931420143662044,0.7148381523384018,0.0,0.99
67,2.2333333333333334,left_ankle,0.370247859117813,0.8999498036229405,0.0,0.99
67,2.2333333333333334,right_ankle,0.629269497394772,0.9008731818318592,0.0,0.99
68,2.2666666666666666,left_shoulder,0.5316768330406052,0.3346855342176966,0.0,0.99
68,2.2666666666666666,right_shoulder,0.711381265846325,0.3356633282494036,0.0,0.99
68,2.2666666666666666,left_hip,0.498625713704055,0.6152784483930585,0.0,0.99
68,2.2666666666666666,right_hip,0.6376870482864151,0.6142426158046447,0.0,0.99
68,2.2666666666666666,left_knee,0.4052629348265678,0.7135964087304949,0.0,0.99
68,2.2666666666666666,right_knee,0.5938847196017475,0.7130071794116056,0.0,0.99
68,2.2666666666666666,left_ankle,0.370291208201326,0.8998875084758086,0.0,0.99
68,2.2666666666666666,right_ankle,0.6308743142413733,0.9004670447482593,0.0,0.99
69,2.3,left_shoulder,0.5262075337859708,0.3296128874683099,0.0,0.99
69,2.3,right_shoulder,0.7057985437142038,0.3288689353284678,0.0,0.99
69,2.3,left_hip,0.4946511661988763,0.603270812108873,0.0,0.99
69,2.3,right_hip,0.6339559471101741,0.6043532189716341,0.0,0.99
69,2.3,left_knee,0.4043514568138343,0.7109731969149964,0.0,0.99
69,2.3,right_knee,0.5955550845904413,0.7101558840896203,0.0,0.99
69,2.3,left_ankle,0.36939903653440265,0.9002161659396096,0.0,0.99
69,2.3,right_ankle,0.630013896430248,0.900283139935363,0.0,0.99
70,2.3333333333333335,left_shoulder,0.5212848502822226,0.32247881454596067,0.0,0.99
70,2.3333333333333335,right_shoulder,0.7002768536552879,0.3227300679290814,0.0,0.99
70,2.3333333333333335,left_hip,0.4905736974844185,0.5941063106436183,0.0,0.99
70,2.3333333333333335,right_hip,0.6320426642886228,0.59375840302316,0.0,0.99
70,2.3333333333333335,left_knee,0.40333071358374706,0.7088702376962988,0.0,0.99
70,2.3333333333333335,right_knee,0.5961723601128576,0.7081119038440647,0.0,0.99
70,2.3333333333333335,left_ankle,0.37048350989305273,0.8999049744781166,0.0,0.99
70,2.3333333333333335,right_ankle,0.6294518968313427,0.8992105633804415,0.0,0.99
71,2.3666666666666667,left_shoulder,0.5136387609742349,0.31672824200745264,0.0,0.99
71,2.3666666666666667,right_shoulder,0.6938451997130467,0.3181499150043598,0.0,0.99
71,2.3666666666666667,left_hip,0.4882647560056841,0.5834062396212407,0.0,0.99
71,2.3666666666666667,right_hip,0.6282979060096788,0.5822475483099493,0.0,0.99
71,2.3666666666666667,left_knee,0.4033449367825683,0.7051717354886884,0.0,0.99
71,2.3666666666666667,right_knee,0.5973395387674352,0.7053461193120557,0.0,0.99
71,2.3666666666666667,left_ankle,0.36953059249066733,0.9002840063710298,0.0,0.99
71,2.3666666666666667,right_ankle,0.6309302816226211,0.8994339910609338,0.0,0.99
72,2.4,left_shoulder,0.5081708445462975,0.30928256722805203,0.0,0.99
72,2.4,right_shoulder,0.6869314914467914,0.3097243304006778,0.0,0.99
72,2.4,left_hip,0.48460484296315404,0.5708521046355438,0.0,0.99
72,2.4,right_hip,0.6246093883345699,0.5696164516379421,0.0,0.99
72,2.4,left_knee,0.40287045528552795,0.7019507759595445,0.0,0.99
72,2.4,right_knee,0.5973682098149298,0.7031088052960371,0.0,0.99
72,2.4,left_ankle,0.37026139208557723,0.9003856859204421,0.0,0.99
72,2.4,right_ankle,0.6303304724669683,0.9009580268194729,0.0,0.99
73,2.433333333333333,left_shoulder,0.5004653628751735,0.30320581837083965,0.0,0.99
73,2.433333333333333,right_shoulder,0.6809216134016947,0.30324144134749886,0.0,0.99
73,2.433333333333333,left_hip,0.4801668596760165,0.5572361075961316,0.0,0.99
73,2.433333333333333,right_hip,0.6204331126098921,0.556402362616562,0.0,0.99
73,2.433333333333333,left_knee,0.40038666171277043,0.6994791894654137,0.0,0.99
73,2.433333333333333,right_knee,0.5981928752014108,0.7000555247850849,0.0,0.99
73,2.433333333333333,left_ankle,0.36928918983091286,0.899053805099605,0.0,0.99
73,2.433333333333333,right_ankle,0.6292133567574913,0.9008578976714882,0.0,0.99
74,2.466666666666667,left_shoulder,0.49337212745322384,0.2958179874754625,0.0,0.99
74,2.466666666666667,right_shoulder,0.6727398653433103,0.29561760317805674,0.0,0.99
74,2.466666666666667,left_hip,0.47687547269985114,0.5456443772892379,0.0,0.99
74,2.466666666666667,right_hip,0.6168842377181992,0.5458501915614634,0.0,0.99
74,2.466666666666667,left_knee,0.398953597217328,0.6963731234181963,0.0,0.99
74,2.466666666666667,right_knee,0.5999047455502655,0.6968273010688985,0.0,0.99
74,2.466666666666667,left_ankle,0.37063912666639526,0.9007825604329134,0.0,0.99
74,2.466666666666667,right_ankle,0.6291318968367534,0.900735584538516,0.0,0.99
75,2.5,left_shoulder,0.4878680580285834,0.2914016136272235,0.0,0.99
75,2.5,right_shoulder,0.6662534722495026,0.28992440885468135,0.0,0.99
75,2.5,left_hip,0.47202351748888705,0.5331649643794418,0.0,0.99
75,2.5,right_hip,0.6134950125342695,0.5347201487706499,0.0,0.99
75,2.5,left_knee,0.3989832189182388,0.6938897829695794,0.0,0.99
75,2.5,right_knee,0.6015481995799157,0.6928143926116929,0.0,0.99
75,2.5,left_ankle,0.3691997541805007,0.8991957236348386,0.0,0.99
75,2.5,right_ankle,0.6305147277958143,0.8994099868728885,0.0,0.99
76,2.533333333333333,left_shoulder,0.48039088592615026,0.2830617396510145,0.0,0.99
76,2.533333333333333,right_shoulder,0.6597944450895773,0.2827276134120267,0.0,0.99
76,2.533333333333333,left_hip,0.46887219097885946,0.5222519647227649,0.0,0.99
76,2.533333333333333,right_hip,0.609043053174678,0.5214620967257353,0.0,0.99
76,2.533333333333333,left_knee,0.3985950997042981,0.6904530782679201,0.0,0.99
76,2.533333333333333,right_knee,0.603035653289668,0.6906821553428885,0.0,0.99
76,2.533333333333333,left_ankle,0.36906196272058867,0.8998258418743499,0.0,0.99
76,2.533333333333333,right_ankle,0.6298728991675172,0.9005460517719135,0.0,0.99
77,2.566666666666667,left_shoulder,0.47466341984068233,0.27747977121131817,0.0,0.99
77,2.566666666666667,right_shoulder,0.655045617594725,0.2765036007856986,0.0,0.99
77,2.566666666666667,left_hip,0.4668188433703814,0.5102804510863134,0.0,0.99
77,2.566666666666667,right_hip,0.6067339870309756,0.5104394145260985,0.0,0.99
77,2.566666666666667,left_knee,0.3957059075324129,0.6872795621176102,0.0,0.99
77,2.566666666666667,right_knee,0.6038210526210784,0.6888312231882794,0.0,0.99
77,2.566666666666667,left_ankle,0.36900872333866064,0.8999816459878637,0.0,0.99
77,2.566666666666667,right_ankle,0.629982968191731,0.9005935437951288,0.0,0.99
78,2.6,left_shoulder,0.4691955666905094,0.273021435228618,0.0,0.99
78,2.6,right_shoulder,0.6495208996448871,0.27369594357557175,0.0,0.99
78,2.6,left_hip,0.4627581103254489,0.503876429903456,0.0,0.99
78,2.6,right_hip,0.6028044196660038,0.502418118804335,0.0,0.99
78,2.6,left_knee,0.39624504634702784,0.6855861993355368,0.0,0.99
78,2.6,right_knee,0.6033737584381379,0.6858626314712531,0.0,0.99
78,2.6,left_ankle,0.36916176519528465,0.9005758281497823,0.0,0.99
78,2.6,right_ankle,0.6303943166816421,0.90057386626459,0.0,0.99
79,2.6333333333333333,left_shoulder,0.4656990431670564,0.2684363770148859,0.0,0.99
79,2.6333333333333333,right_shoulder,0.645245719901174,0.26851434180947237,0.0,0.99
79,2.6333333333333333,left_hip,0.4615825808631287,0.49438375522211714,0.0,0.99
79,2.6333333333333333,right_hip,0.6015786635549865,0.49426175747752443,0.0,0.99
79,2.6333333333333333,left_knee,0.3945277633600442,0.6831678036266872,0.0,0.99
79,2.6333333333333333,right_knee,0.6056869015737577,0.683643793143408,0.0,0.99
79,2.6333333333333333,left_ankle,0.36975861029300705,0.9007679572646431,0.0,0.99
79,2.6333333333333333,right_ankle,0.6294671511492718,0.8999218160230947,0.0,0.99
80,2.6666666666666665,left_shoulder,0.46198563910771634,0.2645886763930273,0.0,0.99
80,2.6666666666666665,right_shoulder,0.642428528768481,0.2643723247996618,0.0,0.99
80,2.6666666666666665,left_hip,0.4585428319646714,0.48743214747465413,0.0,0.99
80,2.6666666666666665,right_hip,0.598156514566815,0.48846503920902434,0.0,0.99
80,2.6666666666666665,left_knee,0.3948529586781093,0.6825606633670876,0.0,0.99
80,2.6666666666666665,right_knee,0.6048103427453344,0.6819542849215476,0.0,0.99
80,2.6666666666666665,left_ankle,0.3705468703695716,0.9001583395336721,0.0,0.99
80,2.6666666666666665,right_ankle,0.629252114092321,0.899924035946171,0.0,0.99
81,2.7,left_shoulder,0.460117413403598,0.2611938435064087,0.0,0.99
81,2.7,right_shoulder,0.6387303099439257,0.2613209780716284,0.0,0.99
81,2.7,left_hip,0.45782142252495733,0.4840655409421474,0.0,0.99
81,2.7,right_hip,0.5967242788733648,0.4826901876558428,0.0,0.99
81,2.7,left_knee,0.39359468912526036,0.6805851973049759,0.0,0.99
81,2.7,right_knee,0.6059448304540279,0.6802539208678322,0.0,0.99
81,2.7,left_ankle,0.3696561501466601,0.8993785468229456,0.0,0.99
81,2.7,right_ankle,0.6309502964162077,0.9004574646054943,0.0,0.99
82,2.7333333333333334,left_shoulder,0.45698099406457543,0.26214269283872976,0.0,0.99
82,2.7333333333333334,right_shoulder,0.6369806569113617,0.26098638720514106,0.0,0.99
82,2.7333333333333334,left_hip,0.4575106549756955,0.4822252069151347,0.0,0.99
82,2.7333333333333334,right_hip,0.5970095745990269,0.481505277323892,0.0,0.99
82,2.7333333333333334,left_knee,0.3932302786850817,0.6805103532499769,0.0,0.99
82,2.7333333333333334,right_knee,0.6053758426074809,0.6796472794535533,0.0,0.99
82,2.7333333333333334,left_ankle,0.36977668242847794,0.8990678632112238,0.0,0.99
82,2.7333333333333334,right_ankle,0.6297980422504891,0.9005820085918386,0.0,0.99
83,2.7666666666666666,left_shoulder,0.457636878702379,0.26020222811593463,0.0,0.99
83,2.7666666666666666,right_shoulder,0.6375147554769548,0.2601278134907852,0.0,0.99
83,2.7666666666666666,left_hip,0.455533625055212,0.48040867255459113,0.0,0.99
83,2.7666666666666666,right_hip,0.5960594267398941,0.4806831465719735,0.0,0.99
83,2.7666666666666666,left_knee,0.39456600777585643,0.6798600567385727,0.0,0.99
83,2.7666666666666666,right_knee,0.6063979560671363,0.6804982001132847,0.0,0.99
83,2.7666666666666666,left_ankle,0.3698423096067606,0.8994571292350872,0.0,0.99
83,2.7666666666666666,right_ankle,0.6304444391824675,0.9007601544838787,0.0,0.99
84,2.8,left_shoulder,0.46904809671106473,0.25891535369364876,0.0,0.99
84,2.8,right_shoulder,0.6492048879746884,0.25887438968027704,0.0,0.99
84,2.8,left_hip,0.4627830776441726,0.4784230020253023,0.0,0.99
84,2.8,right_hip,0.6021260285565228,0.478771750519512,0.0,0.99
84,2.8,left_knee,0.3966957336201481,0.6798391608035922,0.0,0.99
84,2.8,right_knee,0.6030647561013719,0.680426300953517,0.0,0.99
84,2.8,left_ankle,0.3702592294090458,0.899500121978662,0.0,0.99
84,2.8,right_ankle,0.6298471596908978,0.8999103889468262,0.0,0.99
85,2.8333333333333335,left_shoulder,0.46927051848111057,0.2603261777544592,0.0,0.99
85,2.8333333333333335,right_shoulder,0.6493778709435598,0.2613678831743981,0.0,0.99
85,2.8333333333333335,left_hip,0.46215911355705636,0.4811827045691285,0.0,0.99
85,2.8333333333333335,right_hip,0.6033493482496914,0.48065114202477993,0.0,0.99
85,2.8333333333333335,left_knee,0.3975675771498406,0.6811836306458656,0.0,0.99
85,2.8333333333333335,right_knee,0.6014883942365833,0.6803211113535037,0.0,0.99
85,2.8333333333333335,left_ankle,0.36932168522054276,0.9005635834031005,0.0,0.99
85,2.8333333333333335,right_ankle,0.6308811754316064,0.9000384399495752,0.0,0.99
86,2.8666666666666667,left_shoulder,0.469799336348242,0.26373621279710213,0.0,0.99
86,2.8666666666666667,right_shoulder,0.6506792329943516,0.26402168399832754,0.0,0.99
86,2.8666666666666667,left_hip,0.4636894725218934,0.48532197712988834,0.0,0.99
86,2.8666666666666667,right_hip,0.6043230608412219,0.4850868310924034,0.0,0.99
86,2.8666666666666667,left_knee,0.3976702243633318,0.6818280174017968,0.0,0.99
86,2.8666666666666667,right_knee,0.6015706517708908,0.681300792708005,0.0,0.99
86,2.8666666666666667,left_ankle,0.3697849860267906,0.9005254032750829,0.0,0.99
86,2.8666666666666667,right_ankle,0.6292447892536089,0.9009689366908968,0.0,0.99
87,2.9,left_shoulder,0.4728834959399149,0.2634217406491049,0.0,0.99
87,2.9,right_shoulder,0.6527212643715824,0.2641078723918363,0.0,0.99
87,2.9,left_hip,0.4641224777547358,0.48739049538098334,0.0,0.99
87,2.9,right_hip,0.6049369552066769,0.48794983582458623,0.0,0.99
87,2.9,left_knee,0.39798300832440403,0.6816070038145422,0.0,0.99
87,2.9,right_knee,0.601170096277153,0.6825596301068189,0.0,0.99
87,2.9,left_ankle,0.3708798627399443,0.9000541528906152,0.0,0.99
87,2.9,right_ankle,0.6294378263800476,0.9006029747122654,0.0,0.99
88,2.933333333333333,left_shoulder,0.4764771042758761,0.2662210854912637,0.0,0.99
88,2.933333333333333,right_shoulder,0.6559517771367862,0.26735027495130825,0.0,0.99
88,2.933333333333333,left_hip,0.4676709108049553,0.49275536430483435,0.0,0.99
88,2.933333333333333,right_hip,0.6069900832296861,0.49261087524788255,0.0,0.99
88,2.933333333333333,left_knee,0.39831750340856437,0.6845691412013808,0.0,0.99
88,2.933333333333333,right_knee,0.6008407336386411,0.683919005754064,0.0,0.99
88,2.933333333333333,left_ankle,0.3706374783187398,0.9006323583187653,0.0,0.99
88,2.933333333333333,right_ankle,0.6299362017660758,0.8995886846446974,0.0,0.99
89,2.966666666666667,left_shoulder,0.4811730637121018,0.2725506707925252,0.0,0.99
89,2.966666666666667,right_shoulder,0.6617440172424699,0.2730098309714808,0.0,0.99
89,2.966666666666667,left_hip,0.47018829942315804,0.5015688878027441,0.0,0.99
89,2.966666666666667,right_hip,0.6092392571544198,0.5015411371508882,0.0,0.99
89,2.966666666666667,left_knee,0.39944829698538303,0.6849613475769938,0.0,0.99
89,2.966666666666667,right_knee,0.5994093020567384,0.6860331469493888,0.0,0.99
89,2.966666666666667,left_ankle,0.36956242338356343,0.8994899344541789,0.0,0.99
89,2.966666666666667,right_ankle,0.6296036405462074,0.8999591001195448,0.0,0.99
90,3.0,left_shoulder,0.48607684305336585,0.27920405976231255,0.0,0.99
90,3.0,right_shoulder,0.666538385365774,0.2786543205664193,0.0,0.99
90,3.0,left_hip,0.47320181713783094,0.5119438042056126,0.0,0.99
90,3.0,right_hip,0.6114584904706131,0.5118907130398833,0.0,0.99
90,3.0,left_knee,0.4012649213133815,0.6884435686436972,0.0,0.99
90,3.0,right_knee,0.598827494002356,0.6885381477801066,0.0,0.99
90,3.0,left_ankle,0.37026632464799963,0.8990299716838792,0.0,0.99
90,3.0,right_ankle,0.6290229581178688,0.9009035371552706,0.0,0.99
91,3.033333333333333,left_shoulder,0.4923145216467083,0.28196715011260365,0.0,0.99
91,3.033333333333333,right_shoulder,0.6712056320413873,0.28175256209999733,0.0,0.99
91,3.033333333333333,left_hip,0.47502428741633235,0.5193409638164257,0.0,0.99
91,3.033333333333333,right_hip,0.6152498926895675,0.5180936964771452,0.0,0.99
91,3.033333333333333,left_knee,0.40222527590278767,0.6910289523291833,0.0,0.99
91,3.033333333333333,right_knee,0.597918724165698,0.6912278743397466,0.0,0.99
91,3.033333333333333,left_ankle,0.37021673428978286,0.9005625629289509,0.0,0.99
91,3.033333333333333,right_ankle,0.6303369158491737,0.9007878250561432,0.0,0.99
92,3.066666666666667,left_shoulder,0.4988653881268153,0.2895240854625464,0.0,0.99
92,3.066666666666667,right_shoulder,0.6776839814926315,0.28923206484238,0.0,0.99
92,3.066666666666667,left_hip,0.47911116899562023,0.5300172758547141,0.0,0.99
92,3.066666666666667,right_hip,0.6189267503708705,0.5302988169232338,0.0,0.99
92,3.066666666666667,left_knee,0.402575000996847,0.6927686510825548,0.0,0.99
92,3.066666666666667,right_knee,0.5970034780837329,0.6925183389636402,0.0,0.99
92,3.066666666666667,left_ankle,0.3699861534469903,0.8991169089449104,0.0,0.99
92,3.066666666666667,right_ankle,0.6299341883198241,0.8992888416752283,0.0,0.99
93,3.1,left_shoulder,0.5049151445466016,0.29770720171787657,0.0,0.99
93,3.1,right_shoulder,0.685011485506166,0.29843660578840253,0.0,0.99
93,3.1,left_hip,0.48175343583325797,0.5436926632627056,0.0,0.99
93,3.1,right_hip,0.6226761430859917,0.5431362661998217,0.0,0.99
93,3.1,left_knee,0.40390266776694,0.6968733095888935,0.0,0.99
93,3.1,right_knee,0.5961778490739147,0.6960298114413789,0.0,0.99
93,3.1,left_ankle,0.37092122707778136,0.8991507926610189,0.0,0.99
93,3.1,right_ankle,0.6302740818315801,0.9002722522563714,0.0,0.99
94,3.1333333333333333,left_shoulder,0.5108334360189599,0.3041090461424636,0.0,0.99
94,3.1333333333333333,right_shoulder,0.6921415531212846,0.304752681533954,0.0,0.99
94,3.1333333333333333,left_hip,0.4862033432298568,0.5549061603133215,0.0,0.99
94,3.1333333333333333,right_hip,0.6265636828218899,0.5539120861424817,0.0,0.99
94,3.1333333333333333,left_knee,0.40550785301699105,0.6983017393245207,0.0,0.99
94,3.1333333333333333,right_knee,0.5957236387358731,0.6994845010370947,0.0,0.99
94,3.1333333333333333,left_ankle,0.36967721310398677,0.9007233800241206,0.0,0.99
94,3.1333333333333333,right_ankle,0.6297323166629868,0.8999490670528788,0.0,0.99
95,3.1666666666666665,left_shoulder,0.5187118293712931,0.3092654071940817,0.0,0.99
95,3.1666666666666665,right_shoulder,0.6980822047173878,0.30859463747921395,0.0,0.99
95,3.1666666666666665,left_hip,0.49021186283535445,0.5636661706771515,0.0,0.99
95,3.1666666666666665,right_hip,0.6310205353534524,0.5631438811075122,0.0,0.99
95,3.1666666666666665,left_knee,0.40651559383391733,0.702101127912045,0.0,0.99
95,3.1666666666666665,right_knee,0.5941473726629976,0.7018370644127618,0.0,0.99
95,3.1666666666666665,left_ankle,0.37001284796513334,0.9009499911100198,0.0,0.99
95,3.1666666666666665,right_ankle,0.6303091183080106,0.9005839022713591,0.0,0.99
96,3.2,left_shoulder,0.525085960133325,0.31631520624544346,0.0,0.99
96,3.2,right_shoulder,0.7050226066534517,0.31685392058368,0.0,0.99
96,3.2,left_hip,0.4943941793281341,0.5767801213061133,0.0,0.99
96,3.2,right_hip,0.6332046397512355,0.576657043266196,0.0,0.99
96,3.2,left_knee,0.40775856395597404,0.7053904322749774,0.0,0.99
96,3.2,right_knee,0.592112037903782,0.7049004428383281,0.0,0.99
96,3.2,left_ankle,0.3690124213553428,0.8993798815879518,0.0,0.99
96,3.2,right_ankle,0.6308428625088193,0.9002173712367711,0.0,0.99
97,3.2333333333333334,left_shoulder,0.5322241190716177,0.325485295284578,0.0,0.99
97,3.2333333333333334,right_shoulder,0.7127277330425457,0.32513072151136085,0.0,0.99
97,3.2333333333333334,left_hip,0.4979601142199631,0.5891942647547512,0.0,0.99
97,3.2333333333333334,right_hip,0.6381195229463881,0.5891332527430239,0.0,0.99
97,3.2333333333333334,left_knee,0.4084299732986462,0.707606375527552,0.0,0.99
97,3.2333333333333334,right_knee,0.5922659895732122,0.7080971314072194,0.0,0.99
97,3.2333333333333334,left_ankle,0.37052534951528765,0.8992027232596818,0.0,0.99
97,3.2333333333333334,right_ankle,0.6293625963161767,0.8990739552888508,0.0,0.99
98,3.2666666666666666,left_shoulder,0.5385096096031909,0.33014553969232124,0.0,0.99
98,3.2666666666666666,right_shoulder,0.718271974630154,0.3290551126056909,0.0,0.99
98,3.2666666666666666,left_hip,0.5017344101195756,0.5981269400032995,0.0,0.99
98,3.2666666666666666,right_hip,0.6412133916825989,0.5970698653306169,0.0,0.99
98,3.2666666666666666,left_knee,0.40868083737930083,0.7107149204133623,0.0,0.99
98,3.2666666666666666,right_knee,0.5905601975487403,0.7107327011275775,0.0,0.99
98,3.2666666666666666,left_ankle,0.3702835297223669,0.9008677170412813,0.0,0.99
98,3.2666666666666666,right_ankle,0.629109235666659,0.9001350147652947,0.0,0.99
99,3.3,left_shoulder,0.5425184154002363,0.33271508997242044,0.0,0.99
99,3.3,right_shoulder,0.724060320141707,0.3336280387733707,0.0,0.99
99,3.3,left_hip,0.5049704018772772,0.6054117676281032,0.0,0.99
99,3.3,right_hip,0.6431614034009405,0.6052931099277827,0.0,0.99
99,3.3,left_knee,0.4101738843985497,0.7141819528076309,0.0,0.99
99,3.3,right_knee,0.5909716262622837,0.7132574108292491,0.0,0.99
99,3.3,left_ankle,0.3698248341910363,0.8992040863943536,0.0,0.99
99,3.3,right_ankle,0.6302890116493731,0.8994245538397994,0.0,0.99
100,3.3333333333333335,left_shoulder,0.5475205415443077,0.33926804739609867,0.0,0.99
100,3.3333333333333335,right_shoulder,0.727226579652514,0.3406045094354854,0.0,0.99
100,3.3333333333333335,left_hip,0.5060305712094934,0.6165287210512721,0.0,0.99
100,3.3333333333333335,right_hip,0.6459635080750555,0.6163351224420464,0.0,0.99
100,3.3333333333333335,left_knee,0.4100441058251023,0.7144653377413496,0.0,0.99
100,3.3333333333333335,right_knee,0.5896525332215864,0.7149143243636732,0.0,0.99
100,3.3333333333333335,left_ankle,0.3704671148470671,0.8993748206633747,0.0,0.99
100,3.3333333333333335,right_ankle,0.6291002774144094,0.9005480461678989,0.0,0.99
101,3.3666666666666667,left_shoulder,0.5526077364104618,0.3457198912635984,0.0,0.99
101,3.3666666666666667,right_shoulder,0.7326400758651201,0.3441774803109759,0.0,0.99
101,3.3666666666666667,left_hip,0.5092464864835654,0.6235389216048915,0.0,0.99
101,3.3666666666666667,right_hip,0.6489103996159952,0.6239851447206921,0.0,0.99
101,3.3666666666666667,left_knee,0.4109548731866077,0.7181200229693862,0.0,0.99
101,3.3666666666666667,right_knee,0.5889876481611757,0.716214194076319,0.0,0.99
101,3.3666666666666667,left_ankle,0.36902945913200574,0.9003013949645555,0.0,0.99
101,3.3666666666666667,right_ankle,0.6306346868964765,0.8991593611447357,0.0,0.99
102,3.4,left_shoulder,0.5548597354977274,0.3463342397258744,0.0,0.99
102,3.4,right_shoulder,0.7345696043705667,0.3465972909859106,0.0,0.99
102,3.4,left_hip,0.5106602182220797,0.6252293655180472,0.0,0.99
102,3.4,right_hip,0.6504226924362135,0.6262597339416803,0.0,0.99
102,3.4,left_knee,0.41183371587619005,0.7189038079407813,0.0,0.99
102,3.4,right_knee,0.5873335446728211,0.7191447705496885,0.0,0.99
102,3.4,left_ankle,0.3697265311919733,0.9002897774750594,0.0,0.99
102,3.4,right_ankle,0.630259413477806,0.8998359294604803,0.0,0.99
103,3.433333333333333,left_shoulder,0.5570877690435606,0.34828270330216893,0.0,0.99
103,3.433333333333333,right_shoulder,0.7382061379596832,0.3482794671916905,0.0,0.99
103,3.433333333333333,left_hip,0.5119760186790644,0.6289729773530496,0.0,0.99
103,3.433333333333333,right_hip,0.6509636612099818,0.6303361031596649,0.0,0.99
103,3.433333333333333,left_knee,0.4127092470845611,0.7201287258441542,0.0,0.99
103,3.433333333333333,right_knee,0.5873613643725407,0.7196855545236832,0.0,0.99
103,3.433333333333333,left_ankle,0.3709548958989307,0.9006625767521728,0.0,0.99
103,3.433333333333333,right_ankle,0.6302022746180389,0.8996171954808335,0.0,0.99
104,3.466666666666667,left_shoulder,0.5582250847854834,0.35179148695509255,0.0,0.99
104,3.466666666666667,right_shoulder,0.7381213147590822,0.3513848828160341,0.0,0.99
104,3.466666666666667,left_hip,0.5126302091932106,0.6342157770618708,0.0,0.99
104,3.466666666666667,right_hip,0.6530416079121609,0.6329901638024094,0.0,0.99
104,3.466666666666667,left_knee,0.4114813635155813,0.7194674051296985,0.0,0.99
104,3.466666666666667,right_knee,0.5873670065220759,0.7201146020581486,0.0,0.99
104,3.466666666666667,left_ankle,0.370631972354104,0.9007748701540096,0.0,0.99
104,3.466666666666667,right_ankle,0.6290845931513387,0.9006664619615774,0.0,0.99
105,3.5,left_shoulder,0.5589914658840254,0.3514128058034247,0.0,0.99
105,3.5,right_shoulder,0.7385117775116574,0.3502260928526964,0.0,0.99
105,3.5,left_hip,0.5131290101120551,0.6337007675641706,0.0,0.99
105,3.5,right_hip,0.6527959226227449,0.6339142003523062,0.0,0.99
105,3.5,left_knee,0.41217169999949244,0.7191114431404143,0.0,0.99
105,3.5,right_knee,0.587629355208644,0.7205360931813054,0.0,0.99
105,3.5,left_ankle,0.3694008610961987,0.9005003682929604,0.0,0.99
105,3.5,right_ankle,0.6308634454605323,0.8994680644468884,0.0,0.99
106,3.533333333333333,left_shoulder,0.557530090482342,0.34781550016062096,0.0,0.99
106,3.533333333333333,right_shoulder,0.737246939923435,0.34687334841343154,0.0,0.99
106,3.533333333333333,left_hip,0.5113518548316851,0.629640425347702,0.0,0.99
106,3.533333333333333,right_hip,0.6524257155484836,0.6290575931085987,0.0,0.99
106,3.533333333333333,left_knee,0.4114781176429156,0.7200870583791112,0.0,0.99
106,3.533333333333333,right_knee,0.5882416168708259,0.718939641341074,0.0,0.99
106,3.533333333333333,left_ankle,0.37015918085755467,0.9007938582041791,0.0,0.99
106,3.533333333333333,right_ankle,0.6307701879863937,0.9000437170463949,0.0,0.99
107,3.566666666666667,left_shoulder,0.5551907827524339,0.3464552897752764,0.0,0.99
107,3.566666666666667,right_shoulder,0.7346159131451422,0.3456612605825056,0.0,0.99
107,3.566666666666667,left_hip,0.5100489478271125,0.6269132124190211,0.0,0.99
107,3.566666666666667,right_hip,0.6504132128185748,0.6266399457022591,0.0,0.99
107,3.566666666666667,left_knee,0.4117612509676772,0.7185844837556853,0.0,0.99
107,3.566666666666667,right_knee,0.5873417496586774,0.7176392379393601,0.0,0.99
107,3.566666666666667,left_ankle,0.37099428317685823,0.8997480808327551,0.0,0.99
107,3.566666666666667,right_ankle,0.6292122365440677,0.9002654849210894,0.0,0.99
108,3.6,left_shoulder,0.5527553274110619,0.34446784898598976,0.0,0.99
108,3.6,right_shoulder,0.7323750570930994,0.34484538240638496,0.0,0.99
108,3.6,left_hip,0.5090281538062256,0.6223082295236592,0.0,0.99
108,3.6,right_hip,0.6480563983254221,0.6242478985929596,0.0,0.99
108,3.6,left_knee,0.4121789370398113,0.7171640232006231,0.0,0.99
108,3.6,right_knee,0.5886875958488852,0.7167145859748459,0.0,0.99
108,3.6,left_ankle,0.3705583815765355,0.8998518999680446,0.0,0.99
108,3.6,right_ankle,0.6308929991639683,0.9005344979255366,0.0,0.99
109,3.6333333333333333,left_shoulder,0.5488546745730211,0.3407248600523572,0.0,0.99
109,3.6333333333333333,right_shoulder,0.7277250041651748,0.33887366469026525,0.0,0.99
109,3.6333333333333333,left_hip,0.5061892077199842,0.6145184313112783,0.0,0.99
109,3.6333333333333333,right_hip,0.6459545422372382,0.6142589555236477,0.0,0.99
109,3.6333333333333333,left_knee,0.41090092934244427,0.7161711174343292,0.0,0.99
109,3.6333333333333333,right_knee,0.5891303930154557,0.7163241937275001,0.0,0.99
109,3.6333333333333333,left_ankle,0.370819839431268,0.8991283716688003,0.0,0.99
109,3.6333333333333333,right_ankle,0.6301961363649344,0.8997947933662259,0.0,0.99
110,3.6666666666666665,left_shoulder,0.5426794885765251,0.33436249318666483,0.0,0.99
110,3.6666666666666665,right_shoulder,0.7229540439111577,0.33357285233003003,0.0,0.99
110,3.6666666666666665,left_hip,0.5044144084497194,0.6063981681547963,0.0,0.99
110,3.6666666666666665,right_hip,0.6444725854800551,0.6052715646745435,0.0,0.99
110,3.6666666666666665,left_knee,0.40988662961588146,0.7126259708543603,0.0,0.99
110,3.6666666666666665,right_knee,0.5909415942247846,0.7142899455172275,0.0,0.99
110,3.6666666666666665,left_ankle,0.3694434437181372,0.8990772633394855,0.0,0.99
110,3.6666666666666665,right_ankle,0.6295117243817623,0.8997040218421709,0.0,0.99
111,3.7,left_shoulder,0.5387660488040128,0.33057421372529333,0.0,0.99
111,3.7,right_shoulder,0.7186349755581042,0.3288591537032688,0.0,0.99
111,3.7,left_hip,0.5016619352282503,0.5984207716603516,0.0,0.99
111,3.7,right_hip,0.6413825620630053,0.5989724071752048,0.0,0.99
111,3.7,left_knee,0.40818829225018466,0.7101609461318641,0.0,0.99
111,3.7,right_knee,0.5914331448688647,0.7117501121156791,0.0,0.99
111,3.7,left_ankle,0.37035377834362126,0.8995975854782728,0.0,0.99
111,3.7,right_ankle,0.6301829306698036,0.9005157955982166,0.0,0.99
112,3.7333333333333334,left_shoulder,0.5311189285473166,0.3244732081509899,0.0,0.99
112,3.7333333333333334,right_shoulder,0.7114221097324327,0.3240736584581698,0.0,0.99
112,3.7333333333333334,left_hip,0.4976893422133411,0.5881959205731648,0.0,0.99
112,3.7333333333333334,right_hip,0.6372036308537792,0.5881450648542081,0.0,0.99
112,3.7333333333333334,left_knee,0.4084233001683898,0.7072066008633351,0.0,0.99
112,3.7333333333333334,right_knee,0.592366438647704,0.7075715802545963,0.0,0.99
112,3.7333333333333334,left_ankle,0.36907202516730064,0.9008553578530675,0.0,0.99
112,3.7333333333333334,right_ankle,0.6294411046218542,0.9008679535332121,0.0,0.99
113,3.7666666666666666,left_shoulder,0.5261576715123283,0.3170318351400536,0.0,0.99
113,3.7666666666666666,right_shoulder,0.7047036931735684,0.3161489103927187,0.0,0.99
113,3.7666666666666666,left_hip,0.4933185124063749,0.5766426492335648,0.0,0.99
113,3.7666666666666666,right_hip,0.6348090361782539,0.5760418332622211,0.0,0.99
113,3.7666666666666666,left_knee,0.4068920289564587,0.7049791881917595,0.0,0.99
113,3.7666666666666666,right_knee,0.5936587603879444,0.7052547066209353,0.0,0.99
113,3.7666666666666666,left_ankle,0.37025636630305697,0.8992855357726214,0.0,0.99
113,3.7666666666666666,right_ankle,0.6294433017929801,0.8991134527948534,0.0,0.99
114,3.8,left_shoulder,0.5190882029886033,0.309022806239509,0.0,0.99
114,3.8,right_shoulder,0.697950176050576,0.3096575043512231,0.0,0.99
114,3.8,left_hip,0.4898998792077772,0.5635734784472601,0.0,0.99
114,3.8,right_hip,0.6296784585562095,0.5632921293742709,0.0,0.99
114,3.8,left_knee,0.4065392524046066,0.7019626862222919,0.0,0.99
114,3.8,right_knee,0.593475470025462,0.7022756823759012,0.0,0.99
114,3.8,left_ankle,0.3696361337074069,0.9008063364547855,0.0,0.99
114,3.8,right_ankle,0.6292283363365139,0.9009572435395935,0.0,0.99
115,3.8333333333333335,left_shoulder,0.5108900828370381,0.30505694421937174,0.0,0.99
115,3.8333333333333335,right_shoulder,0.6921129370086455,0.3036891861207149,0.0,0.99
115,3.8333333333333335,left_hip,0.48649734236574865,0.5538923748976209,0.0,0.99
115,3.8333333333333335,right_hip,0.6260580179408792,0.5537231522573973,0.0,0.99
115,3.8333333333333335,left_knee,0.4044412894001128,0.7002159872105848,0.0,0.99
115,3.8333333333333335,right_knee,0.5962834417571712,0.7000841048705204,0.0,0.99
115,3.8333333333333335,left_ankle,0.3691951296983681,0.8995788572492546,0.0,0.99
115,3.8333333333333335,right_ankle,0.6307923989320128,0.8991149647359896,0.0,0.99
116,3.8666666666666667,left_shoulder,0.5053853459157078,0.2970089061214208,0.0,0.99
116,3.8666666666666667,right_shoulder,0.6858896624492328,0.29645391432924495,0.0,0.99
116,3.8666666666666667,left_hip,0.48335426841995527,0.5424039470358302,0.0,0.99
116,3.8666666666666667,right_hip,0.6220205091260296,0.5417259811754451,0.0,0.99
116,3.8666666666666667,left_knee,0.40423655618810045,0.6962453511543808,0.0,0.99
116,3.8666666666666667,right_knee,0.5957995745725655,0.6960626765788456,0.0,0.99
116,3.8666666666666667,left_ankle,0.37082396275414437,0.8994365298342235,0.0,0.99
116,3.8666666666666667,right_ankle,0.6301426796940072,0.8992761489874627,0.0,0.99
117,3.9,left_shoulder,0.49764950022093535,0.28908466769562924,0.0,0.99
117,3.9,right_shoulder,0.6787124770529372,0.28793719923855976,0.0,0.99
117,3.9,left_hip,0.4782081114613779,0.5284055907866646,0.0,0.99
117,3.9,right_hip,0.6192666895785977,0.5292217094274444,0.0,0.99
117,3.9,left_knee,0.40201265030732997,0.6926517262560223,0.0,0.99
117,3.9,right_knee,0.5977599932266928,0.6936551776404982,0.0,0.99
117,3.9,left_ankle,0.37062316742825774,0.9001658662007458,0.0,0.99
117,3.9,right_ankle,0.6294045816810434,0.8991313905968107,0.0,0.99
118,3.933333333333333,left_shoulder,0.4924680386728134,0.28265033936083167,0.0,0.99
118,3.933333333333333,right_shoulder,0.672445920110304,0.2819448370098664,0.0,0.99
118,3.933333333333333,left_hip,0.47617829884710217,0.518825787876963,0.0,0.99
118,3.933333333333333,right_hip,0.6162408202942175,0.5198843597470498,0.0,0.99
118,3.933333333333333,left_knee,0.4014031355770007,0.6894764939069247,0.0,0.99
118,3.933333333333333,right_knee,0.599403330568117,0.6903988323140204,0.0,0.99
118,3.933333333333333,left_ankle,0.3707440273413879,0.8995325190908959,0.0,0.99
118,3.933333333333333,right_ankle,0.6293721043402423,0.9006632456479328,0.0,0.99
119,3.966666666666667,left_shoulder,0.48595405832575234,0.27846456582295476,0.0,0.99
119,3.966666666666667,right_shoulder,0.6659621871556227,0.27932737975996036,0.0,0.99
119,3.966666666666667,left_hip,0.4713536436991178,0.511482691553266,0.0,0.99
119,3.966666666666667,right_hip,0.6122358995008637,0.5114742964199378,0.0,0.99
119,3.966666666666667,left_knee,0.39969485332701266,0.688304671676258,0.0,0.99
119,3.966666666666667,right_knee,0.600179761629765,0.6886064355634818,0.0,0.99
119,3.966666666666667,left_ankle,0.3696419575628508,0.9004223728756322,0.0,0.99
119,3.966666666666667,right_ankle,0.6297627782460498,0.9005026320203847,0.0,0.99
120,4.0,left_shoulder,0.4801989442968474,0.2736253155191836,0.0,0.99
120,4.0,right_shoulder,0.6619846322566287,0.27286931589950225,0.0,0.99
120,4.0,left_hip,0.46951358829699724,0.501674430039044,0.0,0.99
120,4.0,right_hip,0.6095616230559932,0.5006547846377902,0.0,0.99
120,4.0,left_knee,0.4005309406196095,0.6850369660994219,0.0,0.99
120,4.0,right_knee,0.5997686996075962,0.684794918948882,0.0,0.99
120,4.0,left_ankle,0.369500916161468,0.9006343073540234,0.0,0.99
120,4.0,right_ankle,0.6290601471069374,0.8991929427821385,0.0,0.99
121,4.033333333333333,left_shoulder,0.4770911133176121,0.2660874891861635,0.0,0.99
121,4.033333333333333,right_shoulder,0.6557285534640969,0.2668961158435215,0.0,0.99
121,4.033333333333333,left_hip,0.46720473104166127,0.4924328493339124,0.0,0.99
121,4.033333333333333,right_hip,0.6074570566655948,0.4915927559464328,0.0,0.99
121,4.033333333333333,left_knee,0.39960458204663024,0.6840756090657855,0.0,0.99
121,4.033333333333333,right_knee,0.6002248114499862,0.6828875111162489,0.0,0.99
121,4.033333333333333,left_ankle,0.369987183818011,0.9000015110784995,0.0,0.99
121,4.033333333333333,right_ankle,0.6295592456774419,0.8992440747636786,0.0,0.99
122,4.066666666666666,left_shoulder,0.4729838509726997,0.2640287451684411,0.0,0.99
122,4.066666666666666,right_shoulder,0.6533561741034115,0.26547701639361687,0.0,0.99
122,4.066666666666666,left_hip,0.4643903021451709,0.48814534509790003,0.0,0.99
122,4.066666666666666,right_hip,0.6055890181259367,0.4873283083274093,0.0,0.99
122,4.066666666666666,left_knee,0.39893078598963666,0.6829518507862586,0.0,0.99
122,4.066666666666666,right_knee,0.6014987311709038,0.6819176570165958,0.0,0.99
122,4.066666666666666,left_ankle,0.37067944540981634,0.9000512308483751,0.0,0.99
122,4.066666666666666,right_ankle,0.629791266947545,0.9008825838722582,0.0,0.99
123,4.1,left_shoulder,0.47115097662509275,0.26324891472979545,0.0,0.99
123,4.1,right_shoulder,0.6500779165368652,0.263241982684497,0.0,0.99
123,4.1,left_hip,0.4635362539668441,0.48599062218550404,0.0,0.99
123,4.1,right_hip,0.6042738470982492,0.4858537220251349,0.0,0.99
123,4.1,left_knee,0.39847961345772154,0.6816273335115758,0.0,0.99
123,4.1,right_knee,0.6012575792881647,0.6809668211474498,0.0,0.99
123,4.1,left_ankle,0.3709157219779516,0.9008686660580847,0.0,0.99
123,4.1,right_ankle,0.6294985688905492,0.89984427228068,0.0,0.99
124,4.133333333333334,left_shoulder,0.4692927605675362,0.25979395648238046,0.0,0.99
124,4.133333333333334,right_shoulder,0.6490889775795832,0.2592036209674673,0.0,0.99
124,4.133333333333334,left_hip,0.46265907046746224,0.4804408786127909,0.0,0.99
124,4.133333333333334,right_hip,0.6018346452771429,0.47971014269617024,0.0,0.99
124,4.133333333333334,left_knee,0.39852728917072744,0.6807875506867581,0.0,0.99
124,4.133333333333334,right_knee,0.6032859725893105,0.6805008145567777,0.0,0.99
124,4.133333333333334,left_ankle,0.3706185371872811,0.9007687459286048,0.0,0.99
124,4.133333333333334,right_ankle,0.6307692844575683,0.8990687473098279,0.0,0.99
125,4.166666666666667,left_shoulder,0.4687831487003106,0.2581760153716714,0.0,0.99
125,4.166666666666667,right_shoulder,0.6488568778428953,0.2581913375906605,0.0,0.99
125,4.166666666666667,left_hip,0.462584508878087,0.47949323875840383,0.0,0.99
125,4.166666666666667,right_hip,0.6027425155654624,0.47814563365046936,0.0,0.99
125,4.166666666666667,left_knee,0.3975406100006948,0.6798673825448253,0.0,0.99
125,4.166666666666667,right_knee,0.6034017317300948,0.679575045691625,0.0,0.99
125,4.166666666666667,left_ankle,0.36961082348745394,0.9002950401927081,0.0,0.99
125,4.166666666666667,right_ankle,0.6292407625177553,0.9001885783219201,0.0,0.99
126,4.2,left_shoulder,0.48066216960431724,0.261244947528617,0.0,0.99
126,4.2,right_shoulder,0.6592868230504464,0.2611502243440438,0.0,0.99
126,4.2,left_hip,0.4688176629831184,0.4805142044562645,0.0,0.99
126,4.2,right_hip,0.60799784009921,0.4804801283831725,0.0,0.99
126,4.2,left_knee,0.4008371989267407,0.6798130880680285,0.0,0.99
126,4.2,right_knee,0.5983266142945605,0.6794868013819446,0.0,0.99
126,4.2,left_ankle,0.36917569444686776,0.9000926291985388,0.0,0.99
126,4.2,right_ankle,0.6306794944473229,0.9002199052079742,0.0,0.99
127,4.233333333333333,left_shoulder,0.48041773939611637,0.26254768062039135,0.0,0.99
127,4.233333333333333,right_shoulder,0.6596797646529731,0.26266768560185194,0.0,0.99
127,4.233333333333333,left_hip,0.4689647562661523,0.4826579890298154,0.0,0.99
127,4.233333333333333,right_hip,0.6092685887760582,0.4824998607312216,0.0,0.99
127,4.233333333333333,left_knee,0.40095890590371086,0.6797189004162985,0.0,0.99
127,4.233333333333333,right_knee,0.5981052643707221,0.6802592905235166,0.0,0.99
127,4.233333333333333,left_ankle,0.3697663433398248,0.9001713666378923,0.0,0.99
127,4.233333333333333,right_ankle,0.629023756294313,0.8997053058022603,0.0,0.99
128,4.266666666666667,left_shoulder,0.482570892786821,0.2599137373819091,0.0,0.99
128,4.266666666666667,right_shoulder,0.6619604687506371,0.2604194691574608,0.0,0.99
128,4.266666666666667,left_hip,0.4694847301627062,0.48266414745525077,0.0,0.99
128,4.266666666666667,right_hip,0.6095060987136405,0.4822333836116793,0.0,0.99
128,4.266666666666667,left_knee,0.40091666041996094,0.6800656697952125,0.0,0.99
128,4.266666666666667,right_knee,0.5991430188036231,0.6808120444179716,0.0,0.99
128,4.266666666666667,left_ankle,0.36912403372700503,0.8997757743870367,0.0,0.99
128,4.266666666666667,right_ankle,0.6298797943048792,0.9004708260113425,0.0,0.99
129,4.3,left_shoulder,0.48364103842913597,0.26283119365737767,0.0,0.99
129,4.3,right_shoulder,0.6653411594914852,0.2638581338682065,0.0,0.99
129,4.3,left_hip,0.4706549042959088,0.4858454417481011,0.0,0.99
129,4.3,right_hip,0.6110507694490362,0.48652209813635783,0.0,0.99
129,4.3,left_knee,0.402261351585148,0.6827766740114254,0.0,0.99
129,4.3,right_knee,0.598613628960637,0.6821122260752824,0.0,0.99
129,4.3,left_ankle,0.3704775332340041,0.9004865578848428,0.0,0.99
129,4.3,right_ankle,0.6305193883328974,0.899950476829241,0.0,0.99
130,4.333333333333333,left_shoulder,0.48851306328374355,0.2706036451057604,0.0,0.99
130,4.333333333333333,right_shoulder,0.6687725881219652,0.26944108633827624,0.0,0.99
130,4.333333333333333,left_hip,0.4740434179346389,0.4940883371020119,0.0,0.99
130,4.333333333333333,right_hip,0.6138331207292889,0.4952513586025253,0.0,0.99
130,4.333333333333333,left_knee,0.4026112961716613,0.6845668976504642,0.0,0.99
130,4.333333333333333,right_knee,0.5975283881410864,0.6834772330549946,0.0,0.99
130,4.333333333333333,left_ankle,0.37056737225173875,0.9007455225530475,0.0,0.99
130,4.333333333333333,right_ankle,0.6302146674560163,0.8997591246493412,0.0,0.99
131,4.366666666666666,left_shoulder,0.4922310947650941,0.27327035597790783,0.0,0.99
131,4.366666666666666,right_shoulder,0.6727726498815684,0.2729403888675257,0.0,0.99
131,4.366666666666666,left_hip,0.47551832906418534,0.5009762366555052,0.0,0.99
131,4.366666666666666,right_hip,0.6155059619664808,0.5005095208787539,0.0,0.99
131,4.366666666666666,left_knee,0.40392024391130565,0.6862887007491195,0.0,0.99
131,4.366666666666666,right_knee,0.5966530115699145,0.6854776299390146,0.0,0.99
131,4.366666666666666,left_ankle,0.3693684231718909,0.8996080654383146,0.0,0.99
131,4.366666666666666,right_ankle,0.6292899812375851,0.9001508656051308,0.0,0.99
132,4.4,left_shoulder,0.49763302127460013,0.27470186574517613,0.0,0.99
132,4.4,right_shoulder,0.6783101800043045,0.27517374011854223,0.0,0.99
132,4.4,left_hip,0.4792811445319724,0.5067850041662025,0.0,0.99
132,4.4,right_hip,0.6195118911695213,0.5055173174226074,0.0,0.99
132,4.4,left_knee,0.4040562039607312,0.6886966384172117,0.0,0.99
132,4.4,right_knee,0.594818075134752,0.686970375941671,0.0,0.99
132,4.4,left_ankle,0.3701298694595082,0.8999946746870848,0.0,0.99
132,4.4,right_ankle,0.6308406236549682,0.9005469631897274,0.0,0.99
133,4.433333333333334,left_shoulder,0.5033296073785574,0.2842865714730949,0.0,0.99
133,4.433333333333334,right_shoulder,0.6832875040165586,0.2833244475916648,0.0,0.99
133,4.433333333333334,left_hip,0.4821774603003853,0.5171052313656395,0.0,0.99
133,4.433333333333334,right_hip,0.6215224286433251,0.5175156372430505,0.0,0.99
133,4.433333333333334,left_knee,0.40486931489368133,0.6913414034902677,0.0,0.99
133,4.433333333333334,right_knee,0.5951858530573263,0.690496100136882,0.0,0.99
133,4.433333333333334,left_ankle,0.3691979325474727,0.8997488311901825,0.0,0.99
133,4.433333333333334,right_ankle,0.6298017873562655,0.900122677354938,0.0,0.99
134,4.466666666666667,left_shoulder,0.5096873500291599,0.2927975692415326,0.0,0.99
134,4.466666666666667,right_shoulder,0.690468182502602,0.29201132516524225,0.0,0.99
134,4.466666666666667,left_hip,0.48517990479911577,0.5300779037631411,0.0,0.99
134,4.466666666666667,right_hip,0.6262918266582025,0.5295152547931395,0.0,0.99
134,4.466666666666667,left_knee,0.4062751510340767,0.6938714345788335,0.0,0.99
134,4.466666666666667,right_knee,0.5931265712348203,0.6928758179383017,0.0,0.99
134,4.466666666666667,left_ankle,0.370956853495167,0.9006520586209094,0.0,0.99
134,4.466666666666667,right_ankle,0.630025187211865,0.8992210234650363,0.0,0.99
135,4.5,left_shoulder,0.51697142223964,0.2964454117388994,0.0,0.99
135,4.5,right_shoulder,0.6968235093892672,0.2970461344566245,0.0,0.99
135,4.5,left_hip,0.4897665094387202,0.5376656505924763,0.0,0.99
135,4.5,right_hip,0.6283030215685148,0.5374037290702324,0.0,0.99
135,4.5,left_knee,0.40734527895330996,0.6962019525894274,0.0,0.99
135,4.5,right_knee,0.5920541496619629,0.6955569976572,0.0,0.99
135,4.5,left_ankle,0.37026019638128504,0.9002062552885208,0.0,0.99
135,4.5,right_ankle,0.6297063684697429,0.9009874976520437,0.0,0.99
136,4.533333333333333,left_shoulder,0.523299401747456,0.30020685648356377,0.0,0.99
136,4.533333333333333,right_shoulder,0.7028492122357973,0.30169750046631755,0.0,0.99
136,4.533333333333333,left_hip,0.4924059125640961,0.5473492389106684,0.0,0.99
136,4.533333333333333,right_hip,0.6318002578059765,0.546576756408873,0.0,0.99
136,4.533333333333333,left_knee,0.4091470454037674,0.6994063462033091,0.0,0.99
136,4.533333333333333,right_knee,0.5918734833020683,0.6986272461303255,0.0,0.99
136,4.533333333333333,left_ankle,0.3699957226480389,0.9001064995164726,0.0,0.99
136,4.533333333333333,right_ankle,0.6295320370923152,0.9002936227604086,0.0,0.99
137,4.566666666666666,left_shoulder,0.5299737314347852,0.31207683652493207,0.0,0.99
137,4.566666666666666,right_shoulder,0.7100596895830891,0.3109048179739702,0.0,0.99
137,4.566666666666666,left_hip,0.4958600883200502,0.5603532757569246,0.0,0.99
137,4.566666666666666,right_hip,0.637136077396011,0.5602530263697589,0.0,0.99
137,4.566666666666666,left_knee,0.40881033292505137,0.7016347400830708,0.0,0.99
137,4.566666666666666,right_knee,0.5904348645881498,0.7029399501745377,0.0,0.99
137,4.566666666666666,left_ankle,0.37022600849614473,0.9006132001400039,0.0,0.99
137,4.566666666666666,right_ankle,0.6291242304541186,0.8990249825072969,0.0,0.99
138,4.6,left_shoulder,0.5372153295469769,0.3184864054290112,0.0,0.99
138,4.6,right_shoulder,0.7171050830474894,0.3185484511392697,0.0,0.99
138,4.6,left_hip,0.49971336680455025,0.5723703595152886,0.0,0.99
138,4.6,right_hip,0.639573448996173,0.5736448496082666,0.0,0.99
138,4.6,left_knee,0.4109018780144119,0.7049974171975297,0.0,0.99
138,4.6,right_knee,0.5891623155574988,0.7050709432346848,0.0,0.99
138,4.6,left_ankle,0.3691093577477343,0.9007810813992618,0.0,0.99
138,4.6,right_ankle,0.6301653242374071,0.9009192256337989,0.0,0.99
139,4.633333333333334,left_shoulder,0.5430373708351172,0.3222326967125764,0.0,0.99
139,4.633333333333334,right_shoulder,0.7226567475417219,0.32108029814002886,0.0,0.99
139,4.633333333333334,left_hip,0.5048383623816358,0.5805704913150156,0.0,0.99
139,4.633333333333334,right_hip,0.6436063029240232,0.5806587958002988,0.0,0.99
139,4.633333333333334,left_knee,0.41244981233768047,0.707788725840901,0.0,0.99
139,4.633333333333334,right_knee,0.5883870902763678,0.7091014307239469,0.0,0.99
139,4.633333333333334,left_ankle,0.3699911037382415,0.9008994226614763,0.0,0.99
139,4.633333333333334,right_ankle,0.6294858557086778,0.8997795907210545,0.0,0.99
140,4.666666666666667,left_shoulder,0.5496474712645687,0.32735156514910957,0.0,0.99
140,4.666666666666667,right_shoulder,0.7288288555123155,0.3286593840431722,0.0,0.99
140,4.666666666666667,left_hip,0.5073079679119371,0.5899776592911301,0.0,0.99
140,4.666666666666667,right_hip,0.6468259706762969,0.588739081587024,0.0,0.99
140,4.666666666666667,left_knee,0.41254354872238413,0.7102444565559111,0.0,0.99
140,4.666666666666667,right_knee,0.588116338267527,0.710452752279534,0.0,0.99
140,4.666666666666667,left_ankle,0.3701230680549582,0.8992297726919505,0.0,0.99
140,4.666666666666667,right_ankle,0.6300675009767932,0.8997711947610361,0.0,0.99
141,4.7,left_shoulder,0.5544960486503911,0.3358861727796659,0.0,0.99
141,4.7,right_shoulder,0.7339362348644061,0.33740692947064144,0.0,0.99
141,4.7,left_hip,0.5100856376105061,0.6010007791898452,0.0,0.99
141,4.7,right_hip,0.6497655334870502,0.6010780808404456,0.0,0.99
141,4.7,left_knee,0.41321429215217303,0.7123763456619002,0.0,0.99
141,4.7,right_knee,0.5865886060977641,0.7129893562103389,0.0,0.99
141,4.7,left_ankle,0.3693117867744237,0.9004117422570268,0.0,0.99
141,4.7,right_ankle,0.629185262608473,0.8995393353334794,0.0,0.99
142,4.733333333333333,left_shoulder,0.560137028945444,0.34005650728025744,0.0,0.99
142,4.733333333333333,right_shoulder,0.7393536304614462,0.3414735488388802,0.0,0.99
142,4.733333333333333,left_hip,0.5136471087544223,0.6077281341543619,0.0,0.99
142,4.733333333333333,right_hip,0.6527430668379371,0.6088546227362165,0.0,0.99
142,4.733333333333333,left_knee,0.4142899560626657,0.7163465901092231,0.0,0.99
142,4.733333333333333,right_knee,0.5848799490474341,0.7163316616773427,0.0,0.99
142,4.733333333333333,left_ankle,0.3700096594423718,0.8994545459875225,0.0,0.99
142,4.733333333333333,right_ankle,0.6299053843122021,0.8992618897101594,0.0,0.99
143,4.766666666666667,left_shoulder,0.563843578657815,0.34110721903464886,0.0,0.99
143,4.766666666666667,right_shoulder,0.7442298670241688,0.3417608269305301,0.0,0.99
143,4.766666666666667,left_hip,0.5149752316606134,0.611054133891978,0.0,0.99
143,4.766666666666667,right_hip,0.6554556474217195,0.6109867165195332,0.0,0.99
143,4.766666666666667,left_knee,0.41594155287227724,0.7164369699173362,0.0,0.99
143,4.766666666666667,right_knee,0.5848292840449167,0.7172765778143496,0.0,0.99
143,4.766666666666667,left_ankle,0.36954081825518514,0.9005434886629107,0.0,0.99
143,4.766666666666667,right_ankle,0.6297696352754342,0.9003150429385637,0.0,0.99
144,4.8,left_shoulder,0.5666229722563257,0.34581512400545483,0.0,0.99
144,4.8,right_shoulder,0.7462674799560185,0.34536562001265386,0.0,0.99
144,4.8,left_hip,0.5162916556752185,0.6186971794773446,0.0,0.99
144,4.8,right_hip,0.6565796355970984,0.6183206720708082,0.0,0.99
144,4.8,left_knee,0.4149241910122061,0.7186740303475766,0.0,0.99
144,4.8,right_knee,0.5840166961241529,0.7185507801290154,0.0,0.99
144,4.8,left_ankle,0.3695939172684077,0.8991318219858218,0.0,0.99
144,4.8,right_ankle,0.6296225450797072,0.8994528496457423,0.0,0.99
145,4.833333333333333,left_shoulder,0.5678185592270859,0.35148481050726366,0.0,0.99
145,4.833333333333333,right_shoulder,0.748131022190832,0.3508581826216447,0.0,0.99
145,4.833333333333333,left_hip,0.5189102315891589,0.6246444844517448,0.0,0.99
145,4.833333333333333,right_hip,0.6588578976257073,0.6248170517333943,0.0,0.99
145,4.833333333333333,left_knee,0.4153170513998719,0.7190269505343605,0.0,0.99
145,4.833333333333333,right_knee,0.5830064324591803,0.7198331577534693,0.0,0.99
145,4.833333333333333,left_ankle,0.3703272210611545,0.8997028581186673,0.0,0.99
145,4.833333333333333,right_ankle,0.6298251413259695,0.9003181271210877,0.0,0.99
146,4.866666666666666,left_shoulder,0.5700164582691143,0.34933289829503605,0.0,0.99
146,4.866666666666666,right_shoulder,0.7503113896650315,0.3495402833419071,0.0,0.99
146,4.866666666666666,left_hip,0.5189342994893338,0.6228705135034212,0.0,0.99
146,4.866666666666666,right_hip,0.6579071084490142,0.6243325718138917,0.0,0.99
146,4.866666666666666,left_knee,0.4166961002886202,0.7203664901806598,0.0,0.99
146,4.866666666666666,right_knee,0.5828529102060866,0.7190213130954257,0.0,0.99
146,4.866666666666666,left_ankle,0.36932402618871185,0.8993961753808999,0.0,0.99
146,4.866666666666666,right_ankle,0.6296061521493821,0.8997614839932073,0.0,0.99
147,4.9,left_shoulder,0.5686964287882064,0.34726288421065815,0.0,0.99
147,4.9,right_shoulder,0.7498945908728635,0.34700039350503536,0.0,0.99
147,4.9,left_hip,0.5193555757775147,0.6214525242331854,0.0,0.99
147,4.9,right_hip,0.659109913331092,0.6208216119058333,0.0,0.99
147,4.9,left_knee,0.4160978581614839,0.720309971326427,0.0,0.99
147,4.9,right_knee,0.583470084735088,0.7189432595390929,0.0,0.99
147,4.9,left_ankle,0.3706685491467074,0.9005529466667089,0.0,0.99
147,4.9,right_ankle,0.6295726702496569,0.899085919557141,0.0,0.99
148,4.933333333333334,left_shoulder,0.5692745892795139,0.3496368235573623,0.0,0.99
148,4.933333333333334,right_shoulder,0.7476609876603448,0.3489109633488668,0.0,0.99
148,4.933333333333334,left_hip,0.5173147602304524,0.6230479889053261,0.0,0.99
148,4.933333333333334,right_hip,0.6575126639193003,0.6232940765015506,0.0,0.99
148,4.933333333333334,left_knee,0.4165517655648577,0.7186461821643407,0.0,0.99
148,4.933333333333334,right_knee,0.5843366384417663,0.7192611794407194,0.0,0.99
148,4.933333333333334,left_ankle,0.3704951242896219,0.9006574843260765,0.0,0.99
148,4.933333333333334,right_ankle,0.6295623313863177,0.8991798671685016,0.0,0.99
149,4.966666666666667,left_shoulder,0.5673803332780314,0.34865637604863264,0.0,0.99
149,4.966666666666667,right_shoulder,0.7473480276259894,0.3491916656798283,0.0,0.99
149,4.966666666666667,left_hip,0.5174147827022574,0.6212700317034694,0.0,0.99
149,4.966666666666667,right_hip,0.6571937635972034,0.6205156138469813,0.0,0.99
149,4.966666666666667,left_knee,0.41481486959094804,0.7189465593877362,0.0,0.99
149,4.966666666666667,right_knee,0.584150432404772,0.7185738111415522,0.0,0.99
149,4.966666666666667,left_ankle,0.37085625975993647,0.8992552892787682,0.0,0.99
149,4.966666666666667,right_ankle,0.6305238446323469,0.8990873825244948,0.0,0.99
150,5.0,left_shoulder,0.5638361119515876,0.34315271819270143,0.0,0.99
150,5.0,right_shoulder,0.7429530273913924,0.3426340581033959,0.0,0.99
150,5.0,left_hip,0.516178068878156,0.6127922179501217,0.0,0.99
150,5.0,right_hip,0.6553271033705207,0.6120165644496781,0.0,0.99
150,5.0,left_knee,0.41431553825843087,0.71690704373157,0.0,0.99
150,5.0,right_knee,0.5846265039323085,0.7165942139880844,0.0,0.99
150,5.0,left_ankle,0.36962110558356626,0.8992731064511275,0.0,0.99
150,5.0,right_ankle,0.6304139456374414,0.9003406687748846,0.0,0.99
151,5.033333333333333,left_shoulder,0.5589427583632175,0.33742322793368895,0.0,0.99
151,5.033333333333333,right_shoulder,0.7394977761770476,0.33782986679628724,0.0,0.99
151,5.033333333333333,left_hip,0.5139089165150295,0.605251498539376,0.0,0.99
151,5.033333333333333,right_hip,0.6526359740240418,0.6063179471088178,0.0,0.99
151,5.033333333333333,left_knee,0.41381994497677116,0.7155563206399027,0.0,0.99
151,5.033333333333333,right_knee,0.5851309745353956,0.7160605689889316,0.0,0.99
151,5.033333333333333,left_ankle,0.3700965203557109,0.9005210340908352,0.0,0.99
151,5.033333333333333,right_ankle,0.6293384224724327,0.900333064796847,0.0,0.99
152,5.066666666666666,left_shoulder,0.554887023072608,0.3364593623348892,0.0,0.99
152,5.066666666666666,right_shoulder,0.7352219745691315,0.33719934662916723,0.0,0.99
152,5.066666666666666,left_hip,0.509612099005178,0.6008713131725758,0.0,0.99
152,5.066666666666666,right_hip,0.6501041041119322,0.6007054984305922,0.0,0.99
152,5.066666666666666,left_knee,0.412860606437276,0.7128682801256511,0.0,0.99
152,5.066666666666666,right_knee,0.5856542834438343,0.7137097616921549,0.0,0.99
152,5.066666666666666,left_ankle,0.3698960362518264,0.8992259766781527,0.0,0.99
152,5.066666666666666,right_ankle,0.6296489413744967,0.8999373188848673,0.0,0.99
153,5.1,left_shoulder,0.5489364914557716,0.33016231971981913,0.0,0.99
153,5.1,right_shoulder,0.728354176424423,0.3298477573530799,0.0,0.99
153,5.1,left_hip,0.5083234446745507,0.59281039817785,0.0,0.99
153,5.1,right_hip,0.6465071323282036,0.5927437895677892,0.0,0.99
153,5.1,left_knee,0.41378719005954023,0.7109986577931247,0.0,0.99
153,5.1,right_knee,0.5863908483495753,0.7108491036402231,0.0,0.99
153,5.1,left_ankle,0.3698684807045511,0.8993796172258836,0.0,0.99
153,5.1,right_ankle,0.6300861436623605,0.8990166042649641,0.0,0.99
154,5.133333333333334,left_shoulder,0.543997201954243,0.3217478566328722,0.0,0.99
154,5.133333333333334,right_shoulder,0.7234135772116513,0.3223293408231674,0.0,0.99
154,5.133333333333334,left_hip,0.5042819235498351,0.5788303868850142,0.0,0.99
154,5.133333333333334,right_hip,0.6434686928919414,0.5786048677061227,0.0,0.99
154,5.133333333333334,left_knee,0.4108733518058772,0.7087302498395326,0.0,0.99
154,5.133333333333334,right_knee,0.5888611425251612,0.7077740034630869,0.0,0.99
154,5.133333333333334,left_ankle,0.3693714694673124,0.9002762017775392,0.0,0.99
154,5.133333333333334,right_ankle,0.6306914486869515,0.900853408793838,0.0,0.99
155,5.166666666666667,left_shoulder,0.5360110859097033,0.31663011137916547,0.0,0.99
155,5.166666666666667,right_shoulder,0.717334955394488,0.31654552374403494,0.0,0.99
155,5.166666666666667,left_hip,0.5000278844716425,0.5694263409651993,0.0,0.99
155,5.166666666666667,right_hip,0.6410251910715108,0.5696975665157155,0.0,0.99
155,5.166666666666667,left_knee,0.4104744127256733,0.7054018984554461,0.0,0.99
155,5.166666666666667,right_knee,0.5890011907799108,0.7059624156374065,0.0,0.99
155,5.166666666666667,left_ankle,0.36947875940885727,0.8990825059727913,0.0,0.99
155,5.166666666666667,right_ankle,0.630133738932055,0.9002564222651881,0.0,0.99
156,5.2,left_shoulder,0.5305502227383119,0.3127436079798597,0.0,0.99
156,5.2,right_shoulder,0.7107211457038781,0.31322232718174065,0.0,0.99
156,5.2,left_hip,0.49660584530794416,0.5622886373038085,0.0,0.99
156,5.2,right_hip,0.6359320505700785,0.5618887215024005,0.0,0.99
156,5.2,left_knee,0.4097723578901941,0.7014541340038806,0.0,0.99
156,5.2,right_knee,0.5907658423072343,0.7016209446653815,0.0,0.99
156,5.2,left_ankle,0.36988637674803665,0.9009396255225149,0.0,0.99
156,5.2,right_ankle,0.6291793223169303,0.8990798861809175,0.0,0.99
157,5.233333333333333,left_shoulder,0.522905382244407,0.3029616709449064,0.0,0.99
157,5.233333333333333,right_shoulder,0.7034722775787267,0.30258564711314767,0.0,0.99
157,5.233333333333333,left_hip,0.4934740778648841,0.5501363121173546,0.0,0.99
157,5.233333333333333,right_hip,0.6333662701824377,0.5492765451618242,0.0,0.99
157,5.233333333333333,left_knee,0.4080292429920547,0.6995571954866445,0.0,0.99
157,5.233333333333333,right_knee,0.5915665143997374,0.6990763614769275,0.0,0.99
157,5.233333333333333,left_ankle,0.36967733717058177,0.8998773868234277,0.0,0.99
157,5.233333333333333,right_ankle,0.6303322083347441,0.9006521438833517,0.0,0.99
158,5.266666666666667,left_shoulder,0.5169903988152207,0.293511372460434,0.0,0.99
158,5.266666666666667,right_shoulder,0.6957738807302095,0.29406875415632056,0.0,0.99
158,5.266666666666667,left_hip,0.48911696908446756,0.5356368868659999,0.0,0.99
158,5.266666666666667,right_hip,0.6283810540016787,0.5351107655472901,0.0,0.99
158,5.266666666666667,left_knee,0.40696945601148493,0.6961131277888054,0.0,0.99
158,5.266666666666667,right_knee,0.5936205249640756,0.6970095909623938,0.0,0.99
158,5.266666666666667,left_ankle,0.3707308368109817,0.9009487382829393,0.0,0.99
158,5.266666666666667,right_ankle,0.630923635864393,0.9002397384953713,0.0,0.99
159,5.3,left_shoulder,0.5101615367126876,0.2891853810625521,0.0,0.99
159,5.3,right_shoulder,0.6898921327412816,0.2902836614765324,0.0,0.99
159,5.3,left_hip,0.48489365542671836,0.5279984113840392,0.0,0.99
159,5.3,right_hip,0.6262051984861213,0.5278176250312163,0.0,0.99
159,5.3,left_knee,0.4065095889525964,0.6928382861675151,0.0,0.99
159,5.3,right_knee,0.5934719441674882,0.6940098706659278,0.0,0.99
159,5.3,left_ankle,0.3690556833572404,0.8993776892009748,0.0,0.99
159,5.3,right_ankle,0.6303573673626738,0.8998946899725699,0.0,0.99
160,5.333333333333333,left_shoulder,0.5024230213205209,0.28600237557874697,0.0,0.99
160,5.333333333333333,right_shoulder,0.6829966279219969,0.28584294764332707,0.0,0.99
160,5.333333333333333,left_hip,0.48163975832006184,0.5197776480975175,0.0,0.99
160,5.333333333333333,right_hip,0.6219366345431695,0.5195103773986846,0.0,0.99
160,5.333333333333333,left_knee,0.4043956085405858,0.6898066069387742,0.0,0.99
160,5.333333333333333,right_knee,0.5956128853810229,0.6905418313464071,0.0,0.99
160,5.333333333333333,left_ankle,0.36922454358967033,0.9007243472760517,0.0,0.99
160,5.333333333333333,right_ankle,0.6295069791324388,0.8991899294434121,0.0,0.99
161,5.366666666666666,left_shoulder,0.4975314084152065,0.27638536355649995,0.0,0.99
161,5.366666666666666,right_shoulder,0.6774484109822109,0.2769903217442746,0.0,0.99
161,5.366666666666666,left_hip,0.4780474735065344,0.5076103854188347,0.0,0.99
161,5.366666666666666,right_hip,0.6178204003317354,0.5074913400899275,0.0,0.99
161,5.366666666666666,left_knee,0.4043802211825934,0.6870359490319111,0.0,0.99
161,5.366666666666666,right_knee,0.5956127431633141,0.6870224380141833,0.0,0.99
161,5.366666666666666,left_ankle,0.36987905475697347,0.9007269538715948,0.0,0.99
161,5.366666666666666,right_ankle,0.6301011256353145,0.9004292104071162,0.0,0.99
162,5.4,left_shoulder,0.4928403293254563,0.2698427864361884,0.0,0.99
162,5.4,right_shoulder,0.6733078433935277,0.2710567583622899,0.0,0.99
162,5.4,left_hip,0.4749411465765465,0.49878496324229726,0.0,0.99
162,5.4,right_hip,0.6155208856566822,0.4974670521580327,0.0,0.99
162,5.4,left_knee,0.40426615464592736,0.6857156349389962,0.0,0.99
162,5.4,right_knee,0.5972038719556966,0.6848631728543788,0.0,0.99
162,5.4,left_ankle,0.37055232783583975,0.899115109077161,0.0,0.99
162,5.4,right_ankle,0.6294738043404702,0.8997446938163302,0.0,0.99
163,5.433333333333334,left_shoulder,0.4869735209823162,0.2697252067467607,0.0,0.99
163,5.433333333333334,right_shoulder,0.6673694461727318,0.26913645142473513,0.0,0.99
163,5.433333333333334,left_hip,0.4737166189149481,0.4942816907223046,0.0,0.99
163,5.433333333333334,right_hip,0.6140790208616135,0.4946720805086685,0.0,0.99
163,5.433333333333334,left_knee,0.403359779901085,0.6837673313088523,0.0,0.99
163,5.433333333333334,right_knee,0.5982194799852067,0.6843829617453911,0.0,0.99
163,5.433333333333334,left_ankle,0.36933601014862927,0.900490868268035,0.0,0.99
163,5.433333333333334,right_ankle,0.6296827906937019,0.9005272366663228,0.0,0.99
164,5.466666666666667,left_shoulder,0.4847835892774221,0.26694059690320854,0.0,0.99
164,5.466666666666667,right_shoulder,0.6636679945659344,0.2660353648649723,0.0,0.99
164,5.466666666666667,left_hip,0.4718203598027693,0.48997594625147095,0.0,0.99
164,5.466666666666667,right_hip,0.6117894191205411,0.4881668941635021,0.0,0.99
164,5.466666666666667,left_knee,0.40223634753713855,0.6812759794396769,0.0,0.99
164,5.466666666666667,right_knee,0.5980689076923466,0.6826827308972386,0.0,0.99
164,5.466666666666667,left_ankle,0.3692259387230001,0.9008507139073346,0.0,0.99
164,5.466666666666667,right_ankle,0.6303504356778034,0.8995092047803753,0.0,0.99
165,5.5,left_shoulder,0.4812334583123207,0.2602306577153038,0.0,0.99
165,5.5,right_shoulder,0.6625234872017206,0.260499867702506,0.0,0.99
165,5.5,left_hip,0.4691422425430798,0.48063150707449853,0.0,0.99
165,5.5,right_hip,0.6091359245890546,0.4821909792147269,0.0,0.99
165,5.5,left_knee,0.4009700646557876,0.6810405645918995,0.0,0.99
165,5.5,right_knee,0.5979805429274966,0.6813063985022823,0.0,0.99
165,5.5,left_ankle,0.36976164196187566,0.8992884831367183,0.0,0.99
165,5.5,right_ankle,0.6307508066482881,0.9000768672823499,0.0,0.99
166,5.533333333333333,left_shoulder,0.48065642060132685,0.25998051759189234,0.0,0.99
166,5.533333333333333,right_shoulder,0.6611749138764126,0.25839173939049176,0.0,0.99
166,5.533333333333333,left_hip,0.4687277254486239,0.4789809683571966,0.0,0.99
166,5.533333333333333,right_hip,0.6090465391375203,0.4804252191873771,0.0,0.99
166,5.533333333333333,left_knee,0.40193880550097116,0.679305309265969,0.0,0.99
166,5.533333333333333,right_knee,0.5980266735519536,0.6808709875580361,0.0,0.99
166,5.533333333333333,left_ankle,0.37035902448892544,0.8997851292318547,0.0,0.99
166,5.533333333333333,right_ankle,0.6299515139753749,0.8993165670736569,0.0,0.99
167,5.566666666666666,left_shoulder,0.48044022362602634,0.26184662769553146,0.0,0.99
167,5.566666666666666,right_shoulder,0.6604960408502506,0.26228148666271334,0.0,0.99
167,5.566666666666666,left_hip,0.4679017671251436,0.4817183402356074,0.0,0.99
167,5.566666666666666,right_hip,0.6081826287107356,0.4828477645334566,0.0,0.99
167,5.566666666666666,left_knee,0.40142844664491145,0.6790873120011596,0.0,0.99
167,5.566666666666666,right_knee,0.59808945561676,0.6797219702411779,0.0,0.99
167,5.566666666666666,left_ankle,0.3699355196555163,0.9001540848980607,0.0,0.99
167,5.566666666666666,right_ankle,0.6297757626017543,0.8997073646234626,0.0,0.99
168,5.6,left_shoulder,0.49001197615765785,0.26100159835453945,0.0,0.99
168,5.6,right_shoulder,0.670667558882037,0.25988429947976344,0.0,0.99
168,5.6,left_hip,0.47491881541723424,0.48181607049528713,0.0,0.99
168,5.6,right_hip,0.6140907629822325,0.4801349324137112,0.0,0.99
168,5.6,left_knee,0.4053419481239267,0.6795453337488239,0.0,0.99
168,5.6,right_knee,0.5945466761300486,0.6800000034569407,0.0,0.99
168,5.6,left_ankle,0.369524135237289,0.9001379216696848,0.0,0.99
168,5.6,right_ankle,0.6300562969980301,0.9009139211049542,0.0,0.99
169,5.633333333333334,left_shoulder,0.4925117460012199,0.25663190735988706,0.0,0.99
169,5.633333333333334,right_shoulder,0.6716486378014451,0.25810550973199986,0.0,0.99
169,5.633333333333334,left_hip,0.47603775480934674,0.47837597152793937,0.0,0.99
169,5.633333333333334,right_hip,0.6155591930410016,0.4780966212423011,0.0,0.99
169,5.633333333333334,left_knee,0.40481371770265506,0.6797975586462959,0.0,0.99
169,5.633333333333334,right_knee,0.5955027337728154,0.680980018552094,0.0,0.99
169,5.633333333333334,left_ankle,0.3708772874197534,0.9003626676063542,0.0,0.99
169,5.633333333333334,right_ankle,0.6296079917991602,0.9005266642919406,0.0,0.99
170,5.666666666666667,left_shoulder,0.49357622655928024,0.2620354133793709,0.0,0.99
170,5.666666666666667,right_shoulder,0.6733675814521682,0.26171845890104234,0.0,0.99
170,5.666666666666667,left_hip,0.4762665705591897,0.482878105370102,0.0,0.99
170,5.666666666666667,right_hip,0.6152859882472693,0.4827406131207521,0.0,0.99
170,5.666666666666667,left_knee,0.40499592703267745,0.6819089136948059,0.0,0.99
170,5.666666666666667,right_knee,0.5946134053557741,0.6806666430777922,0.0,0.99
170,5.666666666666667,left_ankle,0.36948684400035764,0.8994696293472743,0.0,0.99
170,5.666666666666667,right_ankle,0.6296984719805541,0.8992712401480282,0.0,0.99
171,5.7,left_shoulder,0.4946870149243995,0.2683987020103668,0.0,0.99
171,5.7,right_shoulder,0.675578803712781,0.2675477857696251,0.0,0.99
171,5.7,left_hip,0.47773331489686305,0.4895978445465517,0.0,0.99
171,5.7,right_hip,0.616933699525851,0.4891256747183504,0.0,0.99
171,5.7,left_knee,0.4053817372782972,0.6816936816808649,0.0,0.99
171,5.7,right_knee,0.5946745515048322,0.6821792297659396,0.0,0.99
171,5.7,left_ankle,0.3708748591984185,0.8996809343855605,0.0,0.99
171,5.7,right_ankle,0.6308424488632416,0.900166688679528,0.0,0.99
172,5.733333333333333,left_shoulder,0.49835324281582827,0.26686123335688466,0.0,0.99
172,5.733333333333333,right_shoulder,0.6793541397877777,0.2684786710200171,0.0,0.99
172,5.733333333333333,left_hip,0.4792657193711108,0.49214921357268415,0.0,0.99
172,5.733333333333333,right_hip,0.619408305419813,0.4923369506238086,0.0,0.99
172,5.733333333333333,left_knee,0.405501023919714,0.6836104444064685,0.0,0.99
172,5.733333333333333,right_knee,0.594432681604102,0.68319315684187,0.0,0.99
172,5.733333333333333,left_ankle,0.36951507847825416,0.8990461440050378,0.0,0.99
172,5.733333333333333,right_ankle,0.6293291302416689,0.8995361020749346,0.0,0.99
173,5.766666666666667,left_shoulder,0.5039853185488169,0.2692066166158458,0.0,0.99
173,5.766666666666667,right_shoulder,0.6833756754385991,0.26917068358090634,0.0,0.99
173,5.766666666666667,left_hip,0.482192764616492,0.4967863959083219,0.0,0.99
173,5.766666666666667,right_hip,0.6222831480689213,0.49545167414548325,0.0,0.99
173,5.766666666666667,left_knee,0.4075638667613516,0.6865158484495975,0.0,0.99
173,5.766666666666667,right_knee,0.5931059553221425,0.6847481849252146,0.0,0.99
173,5.766666666666667,left_ankle,0.3706189403506572,0.9007510320928019,0.0,0.99
173,5.766666666666667,right_ankle,0.6296823206949087,0.8992733308077612,0.0,0.99
174,5.8,left_shoulder,0.5080962104002378,0.27920638210907306,0.0,0.99
174,5.8,right_shoulder,0.6894707407416301,0.2794122877205942,0.0,0.99
174,5.8,left_hip,0.48569014030069063,0.5074168841505949,0.0,0.99
174,5.8,right_hip,0.6244978649976869,0.5084910802762443,0.0,0.99
174,5.8,left_knee,0.4082511756651408,0.6876861274756746,0.0,0.99
174,5.8,right_knee,0.5924046178569594,0.6875510414096181,0.0,0.99
174,5.8,left_ankle,0.369114896116604,0.8998285437493959,0.0,0.99
174,5.8,right_ankle,0.6290909283323168,0.900252622479391,0.0,0.99
175,5.833333333333333,left_shoulder,0.5141716475620415,0.28593384466072336,0.0,0.99
175,5.833333333333333,right_shoulder,0.6946983019340123,0.28545915957221424,0.0,0.99
175,5.833333333333333,left_hip,0.48798376073848027,0.5167236290563945,0.0,0.99
175,5.833333333333333,right_hip,0.6289075825072942,0.5178247075164374,0.0,0.99
175,5.833333333333333,left_knee,0.4098921507572175,0.6895576387316324,0.0,0.99
175,5.833333333333333,right_knee,0.5913108338145908,0.6908938733074373,0.0,0.99
175,5.833333333333333,left_ankle,0.36965833223099526,0.8991868974122197,0.0,0.99
175,5.833333333333333,right_ankle,0.6293123829992188,0.8992853160877449,0.0,0.99
176,5.866666666666666,left_shoulder,0.5213236170159827,0.2869269201094085,0.0,0.99
176,5.866666666666666,right_shoulder,0.7014172750388801,0.2875936470113311,0.0,0.99
176,5.866666666666666,left_hip,0.49162689986243296,0.5228187823713679,0.0,0.99
176,5.866666666666666,right_hip,0.6316595675808622,0.5229565230447238,0.0,0.99
176,5.866666666666666,left_knee,0.41016801168253747,0.6929013411666988,0.0,0.99
176,5.866666666666666,right_knee,0.5905172926789497,0.6927553242647208,0.0,0.99
176,5.866666666666666,left_ankle,0.37042285671051683,0.9005266170655435,0.0,0.99
176,5.866666666666666,right_ankle,0.6305519833810226,0.8996185055174178,0.0,0.99
177,5.9,left_shoulder,0.5279776119920784,0.29547086855184235,0.0,0.99
177,5.9,right_shoulder,0.707338722098335,0.29407262443397125,0.0,0.99
177,5.9,left_hip,0.4952868669217245,0.5336141789482662,0.0,0.99
177,5.9,right_hip,0.6345039515340237,0.5317503795295219,0.0,0.99
177,5.9,left_knee,0.41102359384613835,0.6965028999861238,0.0,0.99
177,5.9,right_knee,0.5894762610921996,0.6959171754288045,0.0,0.99
177,5.9,left_ankle,0.3709790503178374,0.8994563352972396,0.0,0.99
177,5.9,right_ankle,0.6305131765153867,0.8991798244854353,0.0,0.99
178,5.933333333333334,left_shoulder,0.5333322794743351,0.3050805292476712,0.0,0.99
178,5.933333333333334,right_shoulder,0.7133967095609277,0.3058159449609027,0.0,0.99
178,5.933333333333334,left_hip,0.49915292728135807,0.5468140703615717,0.0,0.99
178,5.933333333333334,right_hip,0.6399219264530428,0.5471816503056828,0.0,0.99
178,5.933333333333334,left_knee,0.41151136022519486,0.6985888037674156,0.0,0.99
178,5.933333333333334,right_knee,0.5882627642445404,0.7000768585929042,0.0,0.99
178,5.933333333333334,left_ankle,0.3693241599131897,0.8990580859385554,0.0,0.99
178,5.933333333333334,right_ankle,0.6305562105433589,0.8994851709521049,0.0,0.99
179,5.966666666666667,left_shoulder,0.5421254164692018,0.31142146540584054,0.0,0.99
179,5.966666666666667,right_shoulder,0.721433005330377,0.3111120463801794,0.0,0.99
179,5.966666666666667,left_hip,0.5034681543609785,0.5564241655701072,0.0,0.99
179,5.966666666666667,right_hip,0.6425147491506145,0.557310968970838,0.0,0.99
179,5.966666666666667,left_knee,0.4125757342226192,0.7027604397979043,0.0,0.99
179,5.966666666666667,right_knee,0.58577075212927,0.7025845880936975,0.0,0.99
179,5.966666666666667,left_ankle,0.36980370749047714,0.9007281182758612,0.0,0.99
179,5.966666666666667,right_ankle,0.6291199710552113,0.9001284021791218,0.0,0.99
180,6.0,left_shoulder,0.5477440223784958,0.31490114178839557,0.0,0.99
180,6.0,right_shoulder,0.7288140689337471,0.31431712797592465,0.0,0.99
180,6.0,left_hip,0.5060727031211032,0.5620288237962061,0.0,0.99
180,6.0,right_hip,0.6461491791538155,0.562392555228481,0.0,0.99
180,6.0,left_knee,0.4139501225993788,0.7047060405790012,0.0,0.99
180,6.0,right_knee,0.5860309735756348,0.7055850495419996,0.0,0.99
180,6.0,left_ankle,0.36959692066728206,0.9009886231496722,0.0,0.99
180,6.0,right_ankle,0.6294332185831867,0.900139046531779,0.0,0.99
181,6.033333333333333,left_shoulder,0.5537215358423326,0.32360871378536904,0.0,0.99
181,6.033333333333333,right_shoulder,0.7351466177702852,0.32241712626304675,0.0,0.99
181,6.033333333333333,left_hip,0.5107297949880577,0.575232277790038,0.0,0.99
181,6.033333333333333,right_hip,0.6497918478183947,0.5742496746529003,0.0,0.99
181,6.033333333333333,left_knee,0.4155391175957259,0.7089633118960511,0.0,0.99
181,6.033333333333333,right_knee,0.5837551806387349,0.7085469194707602,0.0,0.99
181,6.033333333333333,left_ankle,0.37019518417055647,0.8999060957016359,0.0,0.99
181,6.033333333333333,right_ankle,0.6301584484584947,0.9007657160726513,0.0,0.99
182,6.066666666666666,left_shoulder,0.5598801761463937,0.3332243820381179,0.0,0.99
182,6.066666666666666,right_shoulder,0.7401812684759381,0.3330168739962358,0.0,0.99
182,6.066666666666666,left_hip,0.5143158848752858,0.5865521085725115,0.0,0.99
182,6.066666666666666,right_hip,0.6543171225910771,0.5881771604062215,0.0,0.99
182,6.066666666666666,left_knee,0.416171962076336,0.7099201992088844,0.0,0.99
182,6.066666666666666,right_knee,0.58264636038606,0.7118200238744856,0.0,0.99
182,6.066666666666666,left_ankle,0.36901885128219997,0.9008232141927288,0.0,0.99
182,6.066666666666666,right_ankle,0.6293016050234829,0.9004720319859933,0.0,0.99
183,6.1,left_shoulder,0.5651347532945351,0.33403043764071455,0.0,0.99
183,6.1,right_shoulder,0.7463051956320164,0.3338734163111585,0.0,0.99
183,6.1,left_hip,0.5163122220463314,0.5929997877340716,0.0,0.99
183,6.1,right_hip,0.6570658557653362,0.5929266844204812,0.0,0.99
183,6.1,left_knee,0.41844924276107315,0.7123723440937338,0.0,0.99
183,6.1,right_knee,0.581979280095406,0.7138907367317329,0.0,0.99
183,6.1,left_ankle,0.3703789163532161,0.899075748013479,0.0,0.99
183,6.1,right_ankle,0.6300095620095012,0.8994632574852534,0.0,0.99
184,6.133333333333334,left_shoulder,0.5705780056383435,0.3359936179229685,0.0,0.99
184,6.133333333333334,right_shoulder,0.7497568833101499,0.3377654401991659,0.0,0.99
184,6.133333333333334,left_hip,0.5189202102455216,0.597399532027252,0.0,0.99
184,6.133333333333334,right_hip,0.6585281567292023,0.5966170979341975,0.0,0.99
184,6.133333333333334,left_knee,0.41755778945790956,0.715286733164272,0.0,0.99
184,6.133333333333334,right_knee,0.581071793539492,0.7158005646685256,0.0,0.99
184,6.133333333333334,left_ankle,0.3692958716993511,0.9004764225117196,0.0,0.99
184,6.133333333333334,right_ankle,0.6300014575867859,0.8992247262527039,0.0,0.99
185,6.166666666666667,left_shoulder,0.5743877777049282,0.3446757041218253,0.0,0.99
185,6.166666666666667,right_shoulder,0.7555180148407818,0.34438205425484575,0.0,0.99
185,6.166666666666667,left_hip,0.5209195149123537,0.6074584885201154,0.0,0.99
185,6.166666666666667,right_hip,0.6622555491115136,0.6069862839407073,0.0,0.99
185,6.166666666666667,left_knee,0.4184927177668716,0.7165458314581508,0.0,0.99
185,6.166666666666667,right_knee,0.5805825245136801,0.7163292337811452,0.0,0.99
185,6.166666666666667,left_ankle,0.3690863853722281,0.9000175025917271,0.0,0.99
185,6.166666666666667,right_ankle,0.6298162448225844,0.9001132396005381,0.0,0.99
186,6.2,left_shoulder,0.5774628300301384,0.3484335792310695,0.0,0.99
186,6.2,right_shoulder,0.7581138990867419,0.3497186279263958,0.0,0.99
186,6.2,left_hip,0.5232755004398386,0.6128788241937212,0.0,0.99
186,6.2,right_hip,0.6635681373428896,0.6137459269308885,0.0,0.99
186,6.2,left_knee,0.42020441588201146,0.7189855685872157,0.0,0.99
186,6.2,right_knee,0.5803422979048174,0.7181865795486203,0.0,0.99
186,6.2,left_ankle,0.3698382982668724,0.9009458727114087,0.0,0.99
186,6.2,right_ankle,0.6297741552555703,0.8997708296311152,0.0,0.99
187,6.233333333333333,left_shoulder,0.5796362389897314,0.346410594924945,0.0,0.99
187,6.233333333333333,right_shoulder,0.7608130040118785,0.34613499366221157,0.0,0.99
187,6.233333333333333,left_hip,0.524558045461207,0.6123852057618286,0.0,0.99
187,6.233333333333333,right_hip,0.6638517162822867,0.611754454207777,0.0,0.99
187,6.233333333333333,left_knee,0.41955665202929504,0.7189554324655874,0.0,0.99
187,6.233333333333333,right_knee,0.5795941256631189,0.7187062392630509,0.0,0.99
187,6.233333333333333,left_ankle,0.37068611464829493,0.9005679347073087,0.0,0.99
187,6.233333333333333,right_ankle,0.6308170417952003,0.8990990200550232,0.0,0.99
188,6.266666666666667,left_shoulder,0.5812563397860467,0.3472778769615367,0.0,0.99
188,6.266666666666667,right_shoulder,0.7611604081053064,0.3477270277172873,0.0,0.99
188,6.266666666666667,left_hip,0.5245578774172479,0.6135063378848715,0.0,0.99
188,6.266666666666667,right_hip,0.6639285096040477,0.6130555246669577,0.0,0.99
188,6.266666666666667,left_knee,0.420684939009708,0.7199615745150473,0.0,0.99
188,6.266666666666667,right_knee,0.5802065942759216,0.7209308134525076,0.0,0.99
188,6.266666666666667,left_ankle,0.3694688691023736,0.9002590270905401,0.0,0.99
188,6.266666666666667,right_ankle,0.6304866115431403,0.899757671346593,0.0,0.99
189,6.3,left_shoulder,0.5812923069498718,0.35192373292888823,0.0,0.99
189,6.3,right_shoulder,0.7609204791269821,0.35236231273682045,0.0,0.99
189,6.3,left_hip,0.5252810506089548,0.6167149391134632,0.0,0.99
189,6.3,right_hip,0.665184446231493,0.6171568009901931,0.0,0.99
189,6.3,left_knee,0.41942452133155056,0.7201663513448716,0.0,0.99
189,6.3,right_knee,0.5795518674683883,0.7207588101156777,0.0,0.99
189,6.3,left_ankle,0.36994655300464785,0.9004431226901379,0.0,0.99
189,6.3,right_ankle,0.6300440865991934,0.8999532364244864,0.0,0.99
190,6.333333333333333,left_shoulder,0.5792587421093739,0.34975467781324054,0.0,0.99
190,6.333333333333333,right_shoulder,0.7606709514675571,0.3505279981051508,0.0,0.99
190,6.333333333333333,left_hip,0.52439024900892,0.6149335942097107,0.0,0.99
190,6.333333333333333,right_hip,0.6649690916214391,0.614355930125046,0.0,0.99
190,6.333333333333333,left_knee,0.4191474201305319,0.7201176784966967,0.0,0.99
190,6.333333333333333,right_knee,0.5801178818619168,0.7197549602168216,0.0,0.99
190,6.333333333333333,left_ankle,0.37065488758468323,0.9007880491264476,0.0,0.99
190,6.333333333333333,right_ankle,0.63073556166754,0.8990865183073575,0.0,0.99
191,6.366666666666666,left_shoulder,0.5775001344776486,0.34470685763054154,0.0,0.99
191,6.366666666666666,right_shoulder,0.7583731516556224,0.34328868386360684,0.0,0.99
191,6.366666666666666,left_hip,0.522495250090503,0.6069143845997325,0.0,0.99
191,6.366666666666666,right_hip,0.662393167177315,0.6071247142260522,0.0,0.99
191,6.366666666666666,left_knee,0.42006269448105493,0.7185927544730297,0.0,0.99
191,6.366666666666666,right_knee,0.5804493417409384,0.717726049561628,0.0,0.99
191,6.366666666666666,left_ankle,0.36979109651283176,0.9009939239240617,0.0,0.99
191,6.366666666666666,right_ankle,0.6303900313692062,0.8998986291681921,0.0,0.99
192,6.4,left_shoulder,0.5746373122804368,0.3433174613464344,0.0,0.99
192,6.4,right_shoulder,0.7551982379397754,0.3420206591509958,0.0,0.99
192,6.4,left_hip,0.5218496000539729,0.604295065125059,0.0,0.99
192,6.4,right_hip,0.6615306276828975,0.6040364728194878,0.0,0.99
192,6.4,left_knee,0.41868831962983566,0.716871581329082,0.0,0.99
192,6.4,right_knee,0.5808154943488402,0.7162269256060265,0.0,0.99
192,6.4,left_ankle,0.369401705712092,0.90014109994858,0.0,0.99
192,6.4,right_ankle,0.6291154693304091,0.8993568589136979,0.0,0.99
193,6.433333333333334,left_shoulder,0.5711533741447488,0.3422085113045404,0.0,0.99
193,6.433333333333334,right_shoulder,0.7503650409032705,0.3421429836769006,0.0,0.99
193,6.433333333333334,left_hip,0.5199555121748393,0.6017004844460684,0.0,0.99
193,6.433333333333334,right_hip,0.6595595153964601,0.6032356089649942,0.0,0.99
193,6.433333333333334,left_knee,0.41768953473082737,0.7152760749143544,0.0,0.99
193,6.433333333333334,right_knee,0.5822984574577866,0.7156655065373169,0.0,0.99
193,6.433333333333334,left_ankle,0.36974323786676705,0.8990878002750486,0.0,0.99
193,6.433333333333334,right_ankle,0.6298850600179393,0.8997343488490843,0.0,0.99
194,6.466666666666667,left_shoulder,0.5663647293078645,0.33473168377261103,0.0,0.99
194,6.466666666666667,right_shoulder,0.7457555050879147,0.3354375623080852,0.0,0.99
194,6.466666666666667,left_hip,0.5172547953346325,0.5923157237833531,0.0,0.99
194,6.466666666666667,right_hip,0.656403856978604,0.5927684205670574,0.0,0.99
194,6.466666666666667,left_knee,0.41833957690118884,0.7126897338560224,0.0,0.99
194,6.466666666666667,right_knee,0.5834528098164624,0.7137303060165425,0.0,0.99
194,6.466666666666667,left_ankle,0.3697447119066619,0.900331202793168,0.0,0.99
194,6.466666666666667,right_ankle,0.6296589011529115,0.8991415597063294,0.0,0.99
195,6.5,left_shoulder,0.5609726165219925,0.32622510544065547,0.0,0.99
195,6.5,right_shoulder,0.7405121698806844,0.32645949873246394,0.0,0.99
195,6.5,left_hip,0.5143918153992165,0.5817106421072408,0.0,0.99
195,6.5,right_hip,0.6526403674156059,0.5813821222826742,0.0,0.99
195,6.5,left_knee,0.41650183920329653,0.7107957073071279,0.0,0.99
195,6.5,right_knee,0.5841024035293949,0.7107011364363408,0.0,0.99
195,6.5,left_ankle,0.3699472048308884,0.9007807042012378,0.0,0.99
195,6.5,right_ankle,0.6298796752899529,0.8999825402965439,0.0,0.99
196,6.533333333333333,left_shoulder,0.5544316738842376,0.324627478041024,0.0,0.99
196,6.533333333333333,right_shoulder,0.7347488497118543,0.32445903382761476,0.0,0.99
196,6.533333333333333,left_hip,0.5100300710947303,0.5747633577593081,0.0,0.99
196,6.533333333333333,right_hip,0.6505863990449742,0.5757898816981484,0.0,0.99
196,6.533333333333333,left_knee,0.41610647161196124,0.7087211292718624,0.0,0.99
196,6.533333333333333,right_knee,0.5836682236127642,0.7076227897199963,0.0,0.99
196,6.533333333333333,left_ankle,0.3691542736674998,0.9006349596979539,0.0,0.99
196,6.533333333333333,right_ankle,0.6292034129127405,0.8991765004969858,0.0,0.99
197,6.566666666666666,left_shoulder,0.5484307909595973,0.31990034034478415,0.0,0.99
197,6.566666666666666,right_shoulder,0.7270341769833625,0.3201334776505439,0.0,0.99
197,6.566666666666666,left_hip,0.5070466569985654,0.5681991795005316,0.0,0.99
197,6.566666666666666,right_hip,0.6457340942082727,0.5686156263187183,0.0,0.99
197,6.566666666666666,left_knee,0.4143232092677706,0.7054675176144966,0.0,0.99
197,6.566666666666666,right_knee,0.5865088279166253,0.7059333289402534,0.0,0.99
197,6.566666666666666,left_ankle,0.3707438654098886,0.8992910489934756,0.0,0.99
197,6.566666666666666,right_ankle,0.6296686718045212,0.9000364382711386,0.0,0.99
198,6.6,left_shoulder,0.5401728066817125,0.3098343371591372,0.0,0.99
198,6.6,right_shoulder,0.7207100889300585,0.30838166219726826,0.0,0.99
198,6.6,left_hip,0.5024931667199225,0.5534474007044039,0.0,0.99
198,6.6,right_hip,0.6435848422684023,0.5540487403535274,0.0,0.99
198,6.6,left_knee,0.41338208755659556,0.7021341080612447,0.0,0.99
198,6.6,right_knee,0.5857421724546102,0.7019026479156439,0.0,0.99
198,6.6,left_ankle,0.3707335504201088,0.9006039441143886,0.0,0.99
198,6.6,right_ankle,0.6307132824590742,0.8995141694740202,0.0,0.99
199,6.633333333333334,left_shoulder,0.5336803916180174,0.29986921556449325,0.0,0.99
199,6.633333333333334,right_shoulder,0.7143500749033805,0.3005126153801263,0.0,0.99
199,6.633333333333334,left_hip,0.49897088076182455,0.5423811637061967,0.0,0.99
199,6.633333333333334,right_hip,0.6392099833561549,0.5421346459320407,0.0,0.99
199,6.633333333333334,left_knee,0.4128156283385532,0.6986344774147238,0.0,0.99
199,6.633333333333334,right_knee,0.5886260279089535,0.6993462000450974,0.0,0.99
199,6.633333333333334,left_ankle,0.3691023208160588,0.8996285331995564,0.0,0.99
199,6.633333333333334,right_ankle,0.6300661579380579,0.8998178572349461,0.0,0.99
200,6.666666666666667,left_shoulder,0.5275622617080069,0.29803044025249625,0.0,0.99
200,6.666666666666667,right_shoulder,0.7069795142395996,0.29897550922883587,0.0,0.99
200,6.666666666666667,left_hip,0.49482329085330706,0.5370206446241556,0.0,0.99
200,6.666666666666667,right_hip,0.6358451455187742,0.5367837166290901,0.0,0.99
200,6.666666666666667,left_knee,0.4109813001531057,0.6970618957980423,0.0,0.99
200,6.666666666666667,right_knee,0.5888176950229991,0.6969483010942996,0.0,0.99
200,6.666666666666667,left_ankle,0.36911543275684316,0.8998674415477831,0.0,0.99
200,6.666666666666667,right_ankle,0.6302785470802257,0.8990979261269718,0.0,0.99
201,6.7,left_shoulder,0.5215145012490898,0.2909417386936355,0.0,0.99
201,6.7,right_shoulder,0.7009818097348544,0.29115821382574164,0.0,0.99
201,6.7,left_hip,0.4923943749614173,0.5268146215464794,0.0,0.99
201,6.7,right_hip,0.6321509740068555,0.5266889367857241,0.0,0.99
201,6.7,left_knee,0.4103125770434629,0.6935895793928543,0.0,0.99
201,6.7,right_knee,0.5896249118182523,0.6926617154341643,0.0,0.99
201,6.7,left_ankle,0.37067660589753026,0.8992915510055057,0.0,0.99
201,6.7,right_ankle,0.6308357161688106,0.8994138151931201,0.0,0.99
202,6.733333333333333,left_shoulder,0.5137043327925604,0.28022454140637143,0.0,0.99
202,6.733333333333333,right_shoulder,0.6950711133958779,0.2819358126901274,0.0,0.99
202,6.733333333333333,left_hip,0.48788638682600355,0.5131031356438248,0.0,0.99
202,6.733333333333333,right_hip,0.6275721842116133,0.5135971317366338,0.0,0.99
202,6.733333333333333,left_knee,0.4092889269284121,0.6897552774139538,0.0,0.99
202,6.733333333333333,right_knee,0.5901962280482603,0.6908370188701229,0.0,0.99
202,6.733333333333333,left_ankle,0.36908351314306476,0.9006722541368949,0.0,0.99
202,6.733333333333333,right_ankle,0.6295872702264513,0.899465335158627,0.0,0.99
203,6.766666666666667,left_shoulder,0.5088839687286544,0.27598478852671676,0.0,0.99
203,6.766666666666667,right_shoulder,0.6888410062061796,0.2756553068147722,0.0,0.99
203,6.766666666666667,left_hip,0.48566817214802555,0.5048560422114602,0.0,0.99
203,6.766666666666667,right_hip,0.625526975300416,0.5045110531262154,0.0,0.99
203,6.766666666666667,left_knee,0.4085520534177289,0.6888356874297967,0.0,0.99
203,6.766666666666667,right_knee,0.5918296929435202,0.6869413764651051,0.0,0.99
203,6.766666666666667,left_ankle,0.36975994925433375,0.9002815664602974,0.0,0.99
203,6.766666666666667,right_ankle,0.6294467298933093,0.9000914392723768,0.0,0.99
204,6.8,left_shoulder,0.5027637089888353,0.27532765638503415,0.0,0.99
204,6.8,right_shoulder,0.6840330072887706,0.275258467629049,0.0,0.99
204,6.8,left_hip,0.48234477382229135,0.5009157603220113,0.0,0.99
204,6.8,right_hip,0.6226439498886668,0.5009312692362836,0.0,0.99
204,6.8,left_knee,0.4079427223794958,0.6865818252559864,0.0,0.99
204,6.8,right_knee,0.5937827705410038,0.6856422390847291,0.0,0.99
204,6.8,left_ankle,0.3695815173162507,0.8996958971026208,0.0,0.99
204,6.8,right_ankle,0.6305007377234318,0.8999931008650273,0.0,0.99
205,6.833333333333333,left_shoulder,0.5000528359623913,0.2680244333741307,0.0,0.99
205,6.833333333333333,right_shoulder,0.6791626648721318,0.26956643480187714,0.0,0.99
205,6.833333333333333,left_hip,0.4797473199777513,0.4930164726121436,0.0,0.99
205,6.833333333333333,right_hip,0.6187286339159133,0.4922144557088953,0.0,0.99
205,6.833333333333333,left_knee,0.40590787795212896,0.6844275421067934,0.0,0.99
205,6.833333333333333,right_knee,0.5943252851911482,0.6830957695083735,0.0,0.99
205,6.833333333333333,left_ankle,0.3708492136642317,0.8990648078259842,0.0,0.99
205,6.833333333333333,right_ankle,0.6301975866869192,0.9009347091764407,0.0,0.99
206,6.866666666666666,left_shoulder,0.4953611470376418,0.2625728502079108,0.0,0.99
206,6.866666666666666,right_shoulder,0.6759856136968547,0.26078415959648527,0.0,0.99
206,6.866666666666666,left_hip,0.47726213151604885,0.48391957050775364,0.0,0.99
206,6.866666666666666,right_hip,0.6170906538403028,0.4845050274733642,0.0,0.99
206,6.866666666666666,left_knee,0.4051364730072434,0.6826521412009054,0.0,0.99
206,6.866666666666666,right_knee,0.5938177062785013,0.6812155378170611,0.0,0.99
206,6.866666666666666,left_ankle,0.37011835018478306,0.8991913373134578,0.0,0.99
206,6.866666666666666,right_ankle,0.6301031368689679,0.9005759782517161,0.0,0.99
207,6.9,left_shoulder,0.4932883538429519,0.2621447884014464,0.0,0.99
207,6.9,right_shoulder,0.6721646165471805,0.26224872421748613,0.0,0.99
207,6.9,left_hip,0.47535954377204753,0.4835641978311641,0.0,0.99
207,6.9,right_hip,0.6154290288851066,0.48342655676098717,0.0,0.99
207,6.9,left_knee,0.40505526898775174,0.680681497566067,0.0,0.99
207,6.9,right_knee,0.5949767622922066,0.6802598408923944,0.0,0.99
207,6.9,left_ankle,0.36933939504120866,0.9008830911083525,0.0,0.99
207,6.9,right_ankle,0.6296632617414736,0.9006845921374077,0.0,0.99
208,6.933333333333334,left_shoulder,0.492274248688468,0.26344420897263526,0.0,0.99
208,6.933333333333334,right_shoulder,0.6708254552090329,0.26267174111806324,0.0,0.99
208,6.933333333333334,left_hip,0.4760511126280617,0.482981547086414,0.0,0.99
208,6.933333333333334,right_hip,0.6152852470790896,0.48381937832116667,0.0,0.99
208,6.933333333333334,left_knee,0.4043230620499587,0.6801700190630439,0.0,0.99
208,6.933333333333334,right_knee,0.5942401567059519,0.680305326729645,0.0,0.99
208,6.933333333333334,left_ankle,0.37001356618488174,0.8997337984137147,0.0,0.99
208,6.933333333333334,right_ankle,0.629395426173262,0.8998074369662299,0.0,0.99
209,6.966666666666667,left_shoulder,0.4904069165883666,0.25836757969942437,0.0,0.99
209,6.966666666666667,right_shoulder,0.6704797687787798,0.25985640751844974,0.0,0.99
209,6.966666666666667,left_hip,0.4750035926437325,0.47989457103974253,0.0,0.99
209,6.966666666666667,right_hip,0.6140302227751278,0.47999997797911004,0.0,0.99
209,6.966666666666667,left_knee,0.404976802122469,0.6805820973471017,0.0,0.99
209,6.966666666666667,right_knee,0.5951408231885871,0.6803779180160717,0.0,0.99
209,6.966666666666667,left_ankle,0.3694585239155149,0.9005000840749037,0.0,0.99
209,6.966666666666667,right_ankle,0.6293073140955131,0.8995283483564579,0.0,0.99
